x	y
1	11.3121
2	11.3122
3	11.3124
4	11.3126
5	11.3128
6	11.313
7	11.3132
8	11.3134
9	11.3136
10	11.3138
11	11.9416
12	11.9418
13	11.942
14	11.9422
15	11.9424
16	11.9426
17	11.9428
18	11.943
19	11.9433
20	11.9435
21	12.5362
22	12.5364
23	12.5367
24	12.5369
25	12.5372
26	12.5374
27	12.5377
28	12.538
29	12.5382
30	12.5385
31	13.0854
32	13.0857
33	13.0859
34	13.0862
35	13.0865
36	13.0867
37	13.087
38	13.0873
39	13.0876
40	13.0879
41	13.5065
42	13.5068
43	13.5071
44	13.5074
45	13.5076
46	13.5079
47	13.5082
48	13.5085
49	13.5088
50	13.5092
51	13.8567
52	13.857
53	13.8573
54	13.8576
55	13.8579
56	13.8583
57	13.8586
58	13.8589
59	13.8593
60	13.8596
61	14.1488
62	14.1492
63	14.1495
64	14.1499
65	14.1502
66	14.1506
67	14.1509
68	14.1513
69	14.1516
70	14.152
71	14.4391
72	14.4395
73	14.4398
74	14.4402
75	14.4406
76	14.441
77	14.4413
78	14.4417
79	14.4421
80	14.4425
81	14.6633
82	14.6637
83	14.6641
84	14.6645
85	14.6649
86	14.6653
87	14.6657
88	14.6661
89	14.6665
90	14.6669
91	14.8239
92	14.8243
93	14.8248
94	14.8252
95	14.8256
96	14.8261
97	14.8265
98	14.827
99	14.8274
100	14.8279
101	14.9424
102	14.9429
103	14.9433
104	14.9438
105	14.9443
106	14.9448
107	14.9453
108	14.9458
109	14.9463
110	14.9468
111	15.2636
112	15.2641
113	15.2646
114	15.2652
115	15.2657
116	15.2663
117	15.2668
118	15.2674
119	15.2679
120	15.2685
121	15.4852
122	15.4858
123	15.4863
124	15.4869
125	15.4875
126	15.488
127	15.4886
128	15.4892
129	15.4898
130	15.4904
131	15.6714
132	15.672
133	15.6726
134	15.6732
135	15.6738
136	15.6744
137	15.675
138	15.6756
139	15.6763
140	15.6769
141	15.7847
142	15.7854
143	15.786
144	15.7866
145	15.7873
146	15.7879
147	15.7886
148	15.7893
149	15.7899
150	15.7906
151	15.8261
152	15.8268
153	15.8275
154	15.8282
155	15.8289
156	15.8296
157	15.8303
158	15.831
159	15.8317
160	15.8324
161	15.935
162	15.9357
163	15.9364
164	15.9371
165	15.9378
166	15.9385
167	15.9393
168	15.94
169	15.9407
170	15.9414
171	16
172	16.0008
173	16.0015
174	16.0022
175	16.003
176	16.0037
177	16.0045
178	16.0052
179	16.006
180	16.0067
181	16.017
182	16.0178
183	16.0185
184	16.0193
185	16.02
186	16.0208
187	16.0216
188	16.0223
189	16.0231
190	16.0239
191	16.0502
192	16.051
193	16.0518
194	16.0526
195	16.0534
196	16.0542
197	16.055
198	16.0558
199	16.0566
200	16.0574
201	16.041
202	16.0418
203	16.0427
204	16.0435
205	16.0443
206	16.0451
207	16.046
208	16.0469
209	16.0477
210	16.0486
211	16.1105
212	16.1114
213	16.1123
214	16.1131
215	16.114
216	16.1149
217	16.1158
218	16.1167
219	16.1176
220	16.1185
221	16.1639
222	16.1648
223	16.1657
224	16.1666
225	16.1675
226	16.1683
227	16.1692
228	16.1701
229	16.171
230	16.1719
231	16.1316
232	16.1325
233	16.1335
234	16.1344
235	16.1353
236	16.1362
237	16.1372
238	16.1381
239	16.139
240	16.14
241	16.1018
242	16.1028
243	16.1037
244	16.1047
245	16.1056
246	16.1066
247	16.1076
248	16.1085
249	16.1095
250	16.1105
251	16.1176
252	16.1185
253	16.1195
254	16.1205
255	16.1214
256	16.1224
257	16.1233
258	16.1243
259	16.1252
260	16.1262
261	16.0766
262	16.0776
263	16.0785
264	16.0795
265	16.0805
266	16.0815
267	16.0824
268	16.0834
269	16.0844
270	16.0854
271	16.0149
272	16.0159
273	16.0169
274	16.0179
275	16.0189
276	16.0199
277	16.0209
278	16.0219
279	16.023
280	16.024
281	16.0461
282	16.0471
283	16.0481
284	16.0491
285	16.0501
286	16.0512
287	16.0522
288	16.0532
289	16.0542
290	16.0553
291	15.9328
292	15.9338
293	15.9349
294	15.936
295	15.937
296	15.9381
297	15.9391
298	15.9402
299	15.9413
300	15.9424
301	15.8923
302	15.8934
303	15.8945
304	15.8956
305	15.8967
306	15.8978
307	15.8989
308	15.9
309	15.9012
310	15.9023
311	15.8772
312	15.8783
313	15.8794
314	15.8805
315	15.8816
316	15.8827
317	15.8839
318	15.885
319	15.8861
320	15.8872
321	15.8443
322	15.8454
323	15.8466
324	15.8477
325	15.8489
326	15.85
327	15.8512
328	15.8523
329	15.8535
330	15.8547
331	15.7788
332	15.78
333	15.7811
334	15.7823
335	15.7835
336	15.7847
337	15.7859
338	15.7871
339	15.7883
340	15.7895
341	15.7553
342	15.7565
343	15.7577
344	15.759
345	15.7602
346	15.7614
347	15.7626
348	15.7638
349	15.765
350	15.7663
351	15.7213
352	15.7225
353	15.7238
354	15.725
355	15.7263
356	15.7275
357	15.7287
358	15.73
359	15.7313
360	15.7325
361	15.659
362	15.6603
363	15.6616
364	15.6628
365	15.6641
366	15.6654
367	15.6667
368	15.6679
369	15.6692
370	15.6705
371	15.6019
372	15.6031
373	15.6044
374	15.6057
375	15.607
376	15.6083
377	15.6096
378	15.6109
379	15.6122
380	15.6135
381	15.5499
382	15.5512
383	15.5525
384	15.5539
385	15.5552
386	15.5565
387	15.5579
388	15.5592
389	15.5605
390	15.5619
391	15.4585
392	15.4599
393	15.4612
394	15.4626
395	15.464
396	15.4653
397	15.4667
398	15.468
399	15.4694
400	15.4708
401	15.4357
402	15.437
403	15.4384
404	15.4398
405	15.4412
406	15.4426
407	15.444
408	15.4454
409	15.4468
410	15.4482
411	15.4291
412	15.4305
413	15.4319
414	15.4333
415	15.4347
416	15.4362
417	15.4376
418	15.439
419	15.4405
420	15.4419
421	15.3416
422	15.343
423	15.3445
424	15.3459
425	15.3474
426	15.3488
427	15.3503
428	15.3518
429	15.3532
430	15.3547
431	15.2349
432	15.2364
433	15.2379
434	15.2394
435	15.2409
436	15.2425
437	15.244
438	15.2455
439	15.247
440	15.2486
441	15.1355
442	15.137
443	15.1385
444	15.1401
445	15.1416
446	15.1432
447	15.1447
448	15.1463
449	15.1478
450	15.1494
451	15.1022
452	15.1037
453	15.1053
454	15.1068
455	15.1084
456	15.1099
457	15.1115
458	15.1131
459	15.1146
460	15.1161
461	15.0615
462	15.063
463	15.0646
464	15.0662
465	15.0677
466	15.0693
467	15.0709
468	15.0724
469	15.074
470	15.0755
471	14.9677
472	14.9693
473	14.9709
474	14.9724
475	14.974
476	14.9755
477	14.9771
478	14.9787
479	14.9803
480	14.9818
481	14.9763
482	14.9779
483	14.9794
484	14.981
485	14.9826
486	14.9841
487	14.9857
488	14.9873
489	14.9889
490	14.9904
491	14.9007
492	14.9022
493	14.9038
494	14.9054
495	14.907
496	14.9086
497	14.9101
498	14.9117
499	14.9132
500	14.9148
501	14.7801
502	14.7817
503	14.7833
504	14.7849
505	14.7865
506	14.7881
507	14.7897
508	14.7913
509	14.793
510	14.7946
511	14.7615
512	14.7631
513	14.7647
514	14.7662
515	14.7678
516	14.7694
517	14.771
518	14.7726
519	14.7742
520	14.7757
521	14.6982
522	14.6998
523	14.7014
524	14.703
525	14.7046
526	14.7062
527	14.7078
528	14.7093
529	14.7109
530	14.7125
531	14.5573
532	14.5589
533	14.5605
534	14.5621
535	14.5637
536	14.5653
537	14.5669
538	14.5685
539	14.5702
540	14.5718
541	14.4276
542	14.4292
543	14.4308
544	14.4324
545	14.434
546	14.4356
547	14.4372
548	14.4389
549	14.4405
550	14.4421
551	14.2222
552	14.2239
553	14.2256
554	14.2272
555	14.2289
556	14.2306
557	14.2322
558	14.2339
559	14.2355
560	14.2372
561	14.2007
562	14.2023
563	14.2039
564	14.2056
565	14.2072
566	14.2089
567	14.2105
568	14.2121
569	14.2138
570	14.2154
571	13.9537
572	13.9553
573	13.957
574	13.9587
575	13.9603
576	13.962
577	13.9636
578	13.9653
579	13.9669
580	13.9686
581	13.7081
582	13.7097
583	13.7113
584	13.7129
585	13.7145
586	13.7162
587	13.7178
588	13.7194
589	13.721
590	13.7226
591	13.5185
592	13.52
593	13.5216
594	13.5232
595	13.5247
596	13.5263
597	13.5278
598	13.5293
599	13.5308
600	13.5322
601	13.1856
602	13.187
603	13.1885
604	13.1899
605	13.1914
606	13.1928
607	13.1943
608	13.1957
609	13.1971
610	13.1985
611	12.8621
612	12.8635
613	12.865
614	12.8664
615	12.8678
616	12.8692
617	12.8706
618	12.8721
619	12.8735
620	12.8749
621	12.6508
622	12.6522
623	12.6536
624	12.655
625	12.6563
626	12.6577
627	12.6591
628	12.6605
629	12.6619
630	12.6633
631	12.4201
632	12.4215
633	12.4228
634	12.4242
635	12.4256
636	12.427
637	12.4283
638	12.4297
639	12.431
640	12.4324
641	12.1857
642	12.1871
643	12.1886
644	12.1901
645	12.1916
646	12.1931
647	12.1946
648	12.1961
649	12.1976
650	12.199
651	11.8707
652	11.8722
653	11.8737
654	11.8753
655	11.8769
656	11.8786
657	11.8803
658	11.8821
659	11.8838
660	11.8856
661	11.6329
662	11.6347
663	11.6365
664	11.6383
665	11.6402
666	11.6422
667	11.6442
668	11.6462
669	11.6483
670	11.6503
671	11.4448
672	11.447
673	11.4493
674	11.4515
675	11.4539
676	11.4562
677	11.4585
678	11.4608
679	11.4632
680	11.4655
681	11.2153
682	11.2177
683	11.2201
684	11.2227
685	11.2254
686	11.228
687	11.2307
688	11.2337
689	11.2367
690	11.2396
691	10.9895
692	10.9923
693	10.9952
694	10.998
695	11.0008
696	11.0037
697	11.0065
698	11.0094
699	11.0123
700	11.0151
701	10.7893
702	10.7919
703	10.7945
704	10.7972
705	10.8
706	10.8027
707	10.8055
708	10.8082
709	10.811
710	10.8137
711	10.5854
712	10.5881
713	10.5909
714	10.5935
715	10.5961
716	10.5987
717	10.6013
718	10.6038
719	10.6061
720	10.6084
721	10.418
722	10.4202
723	10.4225
724	10.4246
725	10.4268
726	10.429
727	10.4309
728	10.4329
729	10.4346
730	10.4362
731	10.1837
732	10.1853
733	10.1869
734	10.1884
735	10.1899
736	10.1916
737	10.1932
738	10.1948
739	10.1963
740	10.1979
741	10.0138
742	10.0153
743	10.0166
744	10.018
745	10.0195
746	10.0209
747	10.0223
748	10.0235
749	10.0247
750	10.0259
751	9.87986
752	9.88129
753	9.88279
754	9.88432
755	9.88592
756	9.88766
757	9.88944
758	9.89118
759	9.89296
760	9.8948
761	9.73518
762	9.73669
763	9.73831
764	9.73989
765	9.74144
766	9.7429
767	9.7445
768	9.74608
769	9.7477
770	9.74919
771	9.64585
772	9.64727
773	9.64862
774	9.65006
775	9.65146
776	9.65277
777	9.65422
778	9.65559
779	9.65692
780	9.65823
781	9.51344
782	9.51486
783	9.51625
784	9.51779
785	9.51932
786	9.5208
787	9.52222
788	9.52368
789	9.52521
790	9.52671
791	9.41544
792	9.41664
793	9.41772
794	9.41874
795	9.41983
796	9.42096
797	9.4221
798	9.42317
799	9.42424
800	9.42526
801	9.32263
802	9.32352
803	9.32439
804	9.3252
805	9.32598
806	9.32679
807	9.32753
808	9.32817
809	9.32879
810	9.32955
811	9.2839
812	9.2845
813	9.28515
814	9.28582
815	9.28643
816	9.28712
817	9.2879
818	9.28859
819	9.28933
820	9.28998
821	9.22054
822	9.22115
823	9.22186
824	9.22265
825	9.22347
826	9.22438
827	9.22536
828	9.22644
829	9.22767
830	9.22895
831	9.18219
832	9.18375
833	9.18534
834	9.18697
835	9.18863
836	9.19031
837	9.19199
838	9.19362
839	9.19526
840	9.19686
841	9.15406
842	9.1555
843	9.1569
844	9.15817
845	9.15939
846	9.16053
847	9.16158
848	9.16255
849	9.16355
850	9.16445
851	9.12076
852	9.12162
853	9.12247
854	9.12341
855	9.1243
856	9.12511
857	9.12587
858	9.12663
859	9.1274
860	9.12825
861	9.07206
862	9.07287
863	9.07367
864	9.07441
865	9.0751
866	9.07566
867	9.07621
868	9.07667
869	9.07701
870	9.07728
871	8.93375
872	8.9339
873	8.934
874	8.93416
875	8.93442
876	8.93472
877	8.93507
878	8.93531
879	8.9356
880	8.9359
881	8.91809
882	8.91855
883	8.91894
884	8.91927
885	8.91973
886	8.92022
887	8.92065
888	8.92109
889	8.92146
890	8.92193
891	8.86081
892	8.86125
893	8.86173
894	8.86217
895	8.8626
896	8.86306
897	8.86355
898	8.86411
899	8.86472
900	8.8653
901	8.85102
902	8.85149
903	8.85203
904	8.85264
905	8.85309
906	8.85348
907	8.8538
908	8.85408
909	8.8544
910	8.8547
911	8.81998
912	8.82035
913	8.82069
914	8.82102
915	8.82143
916	8.82183
917	8.82232
918	8.82276
919	8.82329
920	8.82374
921	8.78065
922	8.78113
923	8.78166
924	8.78227
925	8.78303
926	8.78373
927	8.78448
928	8.78525
929	8.78599
930	8.78665
931	8.77093
932	8.77159
933	8.77226
934	8.77279
935	8.77328
936	8.77367
937	8.77401
938	8.77435
939	8.77466
940	8.77494
941	8.73119
942	8.73124
943	8.73128
944	8.73133
945	8.73136
946	8.7315
947	8.73172
948	8.73198
949	8.73229
950	8.73265
951	8.68195
952	8.68229
953	8.68269
954	8.68319
955	8.6837
956	8.68413
957	8.68447
958	8.68487
959	8.68519
960	8.68545
961	8.65966
962	8.65992
963	8.66017
964	8.6604
965	8.66057
966	8.66083
967	8.66117
968	8.66149
969	8.66185
970	8.66226
971	8.58711
972	8.58743
973	8.58779
974	8.58804
975	8.58831
976	8.58868
977	8.58906
978	8.5894
979	8.58973
980	8.59001
981	8.56473
982	8.56508
983	8.56539
984	8.56577
985	8.5662
986	8.56653
987	8.56679
988	8.56705
989	8.56728
990	8.56746
991	8.54046
992	8.54067
993	8.54074
994	8.54083
995	8.54092
996	8.54091
997	8.54085
998	8.54065
999	8.54047
1000	8.54023
1001	8.46161
1002	8.46128
1003	8.461
1004	8.4608
1005	8.46067
1006	8.46059
1007	8.46062
1008	8.46068
1009	8.46068
1010	8.46063
1011	8.47092
1012	8.47065
1013	8.47033
1014	8.4701
1015	8.4699
1016	8.46976
1017	8.46974
1018	8.46981
1019	8.46988
1020	8.47
1021	8.46237
1022	8.46249
1023	8.46252
1024	8.4626
1025	8.46274
1026	8.46303
1027	8.46333
1028	8.46361
1029	8.46395
1030	8.46434
1031	8.39991
1032	8.4003
1033	8.40075
1034	8.40123
1035	8.40166
1036	8.40209
1037	8.4026
1038	8.40314
1039	8.40373
1040	8.40426
1041	8.36003
1042	8.3606
1043	8.36121
1044	8.3618
1045	8.36244
1046	8.36314
1047	8.36385
1048	8.36456
1049	8.36527
1050	8.36602
1051	8.28038
1052	8.28109
1053	8.28178
1054	8.28241
1055	8.28305
1056	8.28367
1057	8.28424
1058	8.28477
1059	8.28525
1060	8.28568
1061	8.2623
1062	8.26277
1063	8.26321
1064	8.26373
1065	8.2643
1066	8.26487
1067	8.2655
1068	8.26615
1069	8.26681
1070	8.2675
1071	8.15627
1072	8.15699
1073	8.15774
1074	8.15845
1075	8.15922
1076	8.15993
1077	8.16061
1078	8.16133
1079	8.162
1080	8.16257
1081	8.10726
1082	8.10779
1083	8.10825
1084	8.10865
1085	8.10912
1086	8.10963
1087	8.11013
1088	8.11065
1089	8.1111
1090	8.11148
1091	8.04606
1092	8.04648
1093	8.04696
1094	8.04736
1095	8.0478
1096	8.0483
1097	8.0488
1098	8.04929
1099	8.04969
1100	8.05008
1101	7.98773
1102	7.98832
1103	7.98901
1104	7.98974
1105	7.99051
1106	7.99125
1107	7.992
1108	7.99276
1109	7.99343
1110	7.9941
1111	7.94087
1112	7.94164
1113	7.94255
1114	7.94339
1115	7.94427
1116	7.94519
1117	7.94621
1118	7.94723
1119	7.94828
1120	7.94927
1121	7.94442
1122	7.94543
1123	7.94639
1124	7.94736
1125	7.94823
1126	7.94904
1127	7.94985
1128	7.95064
1129	7.95141
1130	7.95217
1131	7.91845
1132	7.91908
1133	7.91965
1134	7.92012
1135	7.92062
1136	7.9211
1137	7.92161
1138	7.92204
1139	7.9225
1140	7.92294
1141	7.85289
1142	7.85333
1143	7.85381
1144	7.85428
1145	7.85476
1146	7.85522
1147	7.85569
1148	7.85617
1149	7.8567
1150	7.85719
1151	7.85319
1152	7.85354
1153	7.85385
1154	7.85419
1155	7.85452
1156	7.8549
1157	7.85523
1158	7.85564
1159	7.85604
1160	7.85643
1161	7.75961
1162	7.75992
1163	7.76023
1164	7.76054
1165	7.76083
1166	7.76101
1167	7.76117
1168	7.76131
1169	7.76135
1170	7.7614
1171	7.67649
1172	7.67653
1173	7.6766
1174	7.67679
1175	7.67691
1176	7.67709
1177	7.6773
1178	7.67753
1179	7.67775
1180	7.67801
1181	7.61631
1182	7.61663
1183	7.61705
1184	7.61749
1185	7.61791
1186	7.61835
1187	7.61879
1188	7.61931
1189	7.61989
1190	7.62043
1191	7.54813
1192	7.54877
1193	7.54946
1194	7.55011
1195	7.55076
1196	7.55143
1197	7.55202
1198	7.55257
1199	7.55304
1200	7.55335
1201	7.51584
1202	7.51613
1203	7.51645
1204	7.51679
1205	7.51724
1206	7.51777
1207	7.51842
1208	7.51905
1209	7.51976
1210	7.52045
1211	7.46735
1212	7.46804
1213	7.46876
1214	7.46951
1215	7.47013
1216	7.47073
1217	7.47144
1218	7.47214
1219	7.47282
1220	7.47355
1221	7.46769
1222	7.4684
1223	7.46901
1224	7.46947
1225	7.46998
1226	7.47044
1227	7.47086
1228	7.4713
1229	7.4718
1230	7.47229
1231	7.41152
1232	7.41198
1233	7.41243
1234	7.41293
1235	7.41337
1236	7.41372
1237	7.41402
1238	7.4143
1239	7.41449
1240	7.41468
1241	7.31997
1242	7.32021
1243	7.32047
1244	7.32072
1245	7.32104
1246	7.32139
1247	7.3218
1248	7.3222
1249	7.3226
1250	7.32296
1251	7.30861
1252	7.30896
1253	7.30931
1254	7.30966
1255	7.31003
1256	7.31047
1257	7.31091
1258	7.31135
1259	7.31175
1260	7.31217
1261	7.25169
1262	7.25203
1263	7.25242
1264	7.25281
1265	7.25326
1266	7.25369
1267	7.25415
1268	7.25459
1269	7.25505
1270	7.2555
1271	7.21817
1272	7.21843
1273	7.2187
1274	7.21895
1275	7.21916
1276	7.21936
1277	7.2195
1278	7.21959
1279	7.21973
1280	7.21988
1281	7.13868
1282	7.13876
1283	7.13892
1284	7.13911
1285	7.13928
1286	7.13946
1287	7.13967
1288	7.13991
1289	7.1402
1290	7.1405
1291	7.08296
1292	7.08326
1293	7.08349
1294	7.08366
1295	7.08381
1296	7.08399
1297	7.08416
1298	7.08429
1299	7.08448
1300	7.08467
1301	7.07461
1302	7.07489
1303	7.0752
1304	7.0756
1305	7.07617
1306	7.07678
1307	7.07741
1308	7.07813
1309	7.07881
1310	7.07952
1311	7.03747
1312	7.03826
1313	7.03908
1314	7.03996
1315	7.04088
1316	7.04172
1317	7.04247
1318	7.04323
1319	7.04399
1320	7.04476
1321	7.01369
1322	7.0144
1323	7.01501
1324	7.01558
1325	7.01616
1326	7.01672
1327	7.01729
1328	7.01786
1329	7.01839
1330	7.01889
1331	6.95019
1332	6.95062
1333	6.95118
1334	6.95171
1335	6.9522
1336	6.95259
1337	6.95303
1338	6.95347
1339	6.95391
1340	6.95423
1341	6.91989
1342	6.92017
1343	6.92042
1344	6.9207
1345	6.92095
1346	6.92122
1347	6.9215
1348	6.9217
1349	6.92195
1350	6.9222
1351	6.85745
1352	6.85754
1353	6.85771
1354	6.85786
1355	6.85792
1356	6.85801
1357	6.85807
1358	6.85808
1359	6.85807
1360	6.85803
1361	6.8437
1362	6.84368
1363	6.84364
1364	6.84359
1365	6.84359
1366	6.84355
1367	6.84349
1368	6.84339
1369	6.84324
1370	6.84312
1371	6.77428
1372	6.77407
1373	6.77386
1374	6.77362
1375	6.77334
1376	6.7731
1377	6.77295
1378	6.77283
1379	6.77272
1380	6.77259
1381	6.7264
1382	6.72631
1383	6.72621
1384	6.72611
1385	6.726
1386	6.72584
1387	6.7257
1388	6.72561
1389	6.72558
1390	6.72562
1391	6.70519
1392	6.70532
1393	6.70544
1394	6.70548
1395	6.70546
1396	6.7054
1397	6.70538
1398	6.70533
1399	6.70531
1400	6.70535
1401	6.66418
1402	6.66424
1403	6.6644
1404	6.66472
1405	6.66512
1406	6.66561
1407	6.66616
1408	6.66685
1409	6.66754
1410	6.66823
1411	6.67064
1412	6.67138
1413	6.67211
1414	6.67289
1415	6.67354
1416	6.67414
1417	6.67463
1418	6.67507
1419	6.67546
1420	6.67575
1421	6.67519
1422	6.67537
1423	6.67548
1424	6.67555
1425	6.67565
1426	6.67575
1427	6.67578
1428	6.67576
1429	6.67568
1430	6.67571
1431	6.65706
1432	6.65717
1433	6.65731
1434	6.65743
1435	6.6575
1436	6.65757
1437	6.65766
1438	6.65781
1439	6.65792
1440	6.65801
1441	6.6271
1442	6.62709
1443	6.62709
1444	6.62709
1445	6.62711
1446	6.62711
1447	6.62711
1448	6.6272
1449	6.62722
1450	6.62727
1451	6.60651
1452	6.60646
1453	6.60636
1454	6.60625
1455	6.60607
1456	6.60585
1457	6.60571
1458	6.60555
1459	6.60536
1460	6.60513
1461	6.53798
1462	6.5378
1463	6.53778
1464	6.53786
1465	6.53798
1466	6.53817
1467	6.53837
1468	6.53864
1469	6.53896
1470	6.53928
1471	6.52548
1472	6.52585
1473	6.52618
1474	6.52644
1475	6.52653
1476	6.52663
1477	6.52666
1478	6.52665
1479	6.52662
1480	6.52658
1481	6.50647
1482	6.50651
1483	6.50649
1484	6.50647
1485	6.50645
1486	6.50639
1487	6.50634
1488	6.50628
1489	6.5062
1490	6.50615
1491	6.44822
1492	6.44822
1493	6.44818
1494	6.44808
1495	6.4479
1496	6.44772
1497	6.44767
1498	6.44767
1499	6.44769
1500	6.44764
1501	6.39688
1502	6.39694
1503	6.39714
1504	6.39743
1505	6.39783
1506	6.39822
1507	6.39864
1508	6.39914
1509	6.39968
1510	6.40013
1511	6.38262
1512	6.383
1513	6.38331
1514	6.38352
1515	6.38373
1516	6.38392
1517	6.3841
1518	6.38431
1519	6.38453
1520	6.38479
1521	6.39262
1522	6.39275
1523	6.39283
1524	6.39288
1525	6.39293
1526	6.39298
1527	6.39306
1528	6.39313
1529	6.3932
1530	6.3933
1531	6.34089
1532	6.34113
1533	6.34137
1534	6.34166
1535	6.34196
1536	6.34223
1537	6.34247
1538	6.3427
1539	6.34293
1540	6.34315
1541	6.33882
1542	6.33908
1543	6.33928
1544	6.33947
1545	6.33966
1546	6.33983
1547	6.33999
1548	6.34021
1549	6.34054
1550	6.34083
1551	6.32059
1552	6.32082
1553	6.32108
1554	6.32127
1555	6.32145
1556	6.32161
1557	6.32176
1558	6.32181
1559	6.3218
1560	6.32176
1561	6.26457
1562	6.26461
1563	6.26471
1564	6.26476
1565	6.26483
1566	6.26481
1567	6.26476
1568	6.26469
1569	6.26456
1570	6.26448
1571	6.19692
1572	6.19686
1573	6.19681
1574	6.19677
1575	6.1967
1576	6.19658
1577	6.19642
1578	6.19616
1579	6.19594
1580	6.19575
1581	6.16485
1582	6.16473
1583	6.16469
1584	6.16472
1585	6.16475
1586	6.16483
1587	6.16485
1588	6.16488
1589	6.16492
1590	6.16495
1591	6.14296
1592	6.14296
1593	6.14298
1594	6.14297
1595	6.14297
1596	6.14301
1597	6.14299
1598	6.14294
1599	6.1429
1600	6.14285
1601	6.10032
1602	6.10022
1603	6.10018
1604	6.1002
1605	6.1003
1606	6.1005
1607	6.10076
1608	6.1011
1609	6.10155
1610	6.10188
1611	6.08807
1612	6.08838
1613	6.08876
1614	6.08921
1615	6.08966
1616	6.09013
1617	6.09057
1618	6.09095
1619	6.09126
1620	6.09149
1621	6.09534
1622	6.09549
1623	6.09562
1624	6.0957
1625	6.09586
1626	6.09604
1627	6.0963
1628	6.09659
1629	6.09691
1630	6.09722
1631	6.08
1632	6.08037
1633	6.08072
1634	6.0811
1635	6.08138
1636	6.08164
1637	6.08186
1638	6.08203
1639	6.08228
1640	6.08257
1641	6.02929
1642	6.02953
1643	6.02971
1644	6.02983
1645	6.02992
1646	6.03007
1647	6.03022
1648	6.0304
1649	6.0305
1650	6.03065
1651	5.98051
1652	5.98059
1653	5.98071
1654	5.98083
1655	5.98098
1656	5.9811
1657	5.98124
1658	5.98138
1659	5.98153
1660	5.98163
1661	5.95663
1662	5.95657
1663	5.95647
1664	5.95632
1665	5.95615
1666	5.95598
1667	5.95591
1668	5.95594
1669	5.95597
1670	5.95605
1671	5.91487
1672	5.91493
1673	5.91497
1674	5.91497
1675	5.91493
1676	5.91484
1677	5.91469
1678	5.9145
1679	5.9143
1680	5.91419
1681	5.8777
1682	5.8777
1683	5.8777
1684	5.87773
1685	5.87779
1686	5.87781
1687	5.87785
1688	5.8779
1689	5.87797
1690	5.87799
1691	5.81528
1692	5.81533
1693	5.81546
1694	5.81564
1695	5.81582
1696	5.81598
1697	5.81606
1698	5.81617
1699	5.81623
1700	5.81628
1701	5.798
1702	5.79809
1703	5.79824
1704	5.79854
1705	5.79885
1706	5.79925
1707	5.79968
1708	5.80011
1709	5.80058
1710	5.80109
1711	5.75592
1712	5.75641
1713	5.75692
1714	5.75739
1715	5.75781
1716	5.75819
1717	5.75852
1718	5.7589
1719	5.75929
1720	5.75969
1721	5.74261
1722	5.74296
1723	5.7433
1724	5.74365
1725	5.74399
1726	5.74439
1727	5.74471
1728	5.74508
1729	5.74547
1730	5.74586
1731	5.75388
1732	5.75418
1733	5.75451
1734	5.75476
1735	5.75497
1736	5.75512
1737	5.75525
1738	5.75534
1739	5.75542
1740	5.75553
1741	5.68185
1742	5.68207
1743	5.68226
1744	5.68248
1745	5.68271
1746	5.68298
1747	5.68329
1748	5.68352
1749	5.68375
1750	5.68404
1751	5.68131
1752	5.68173
1753	5.68214
1754	5.68247
1755	5.68274
1756	5.68298
1757	5.68315
1758	5.68326
1759	5.68337
1760	5.68348
1761	5.64811
1762	5.64818
1763	5.64825
1764	5.64839
1765	5.6485
1766	5.64866
1767	5.64879
1768	5.6489
1769	5.64909
1770	5.64926
1771	5.59396
1772	5.59407
1773	5.59418
1774	5.59427
1775	5.5943
1776	5.59435
1777	5.59431
1778	5.59424
1779	5.59417
1780	5.59407
1781	5.53625
1782	5.5361
1783	5.536
1784	5.53596
1785	5.53591
1786	5.53585
1787	5.53588
1788	5.53584
1789	5.53578
1790	5.53574
1791	5.51815
1792	5.51799
1793	5.51784
1794	5.51766
1795	5.51742
1796	5.51716
1797	5.51689
1798	5.51664
1799	5.51642
1800	5.51626
1801	5.46401
1802	5.46406
1803	5.46421
1804	5.46444
1805	5.46474
1806	5.4651
1807	5.46545
1808	5.46586
1809	5.46631
1810	5.46675
1811	5.45204
1812	5.45254
1813	5.45303
1814	5.45347
1815	5.45393
1816	5.45436
1817	5.45476
1818	5.45513
1819	5.45549
1820	5.45591
1821	5.42117
1822	5.4216
1823	5.42203
1824	5.42248
1825	5.42296
1826	5.4234
1827	5.42378
1828	5.42421
1829	5.42467
1830	5.42505
1831	5.37302
1832	5.37354
1833	5.37404
1834	5.37453
1835	5.37502
1836	5.37543
1837	5.37579
1838	5.37623
1839	5.37668
1840	5.37712
1841	5.35751
1842	5.35795
1843	5.3584
1844	5.3588
1845	5.35925
1846	5.35973
1847	5.36018
1848	5.36057
1849	5.36093
1850	5.36129
1851	5.28794
1852	5.28832
1853	5.28866
1854	5.28906
1855	5.2894
1856	5.28972
1857	5.28999
1858	5.29022
1859	5.29046
1860	5.29066
1861	5.24803
1862	5.24822
1863	5.2484
1864	5.24857
1865	5.24869
1866	5.24886
1867	5.24901
1868	5.24909
1869	5.24907
1870	5.24905
1871	5.24305
1872	5.24302
1873	5.24303
1874	5.24303
1875	5.24306
1876	5.24311
1877	5.24315
1878	5.2432
1879	5.24324
1880	5.24333
1881	5.19258
1882	5.19271
1883	5.19282
1884	5.19291
1885	5.19292
1886	5.19293
1887	5.19299
1888	5.19306
1889	5.19307
1890	5.19303
1891	5.14317
1892	5.14304
1893	5.1429
1894	5.14275
1895	5.14262
1896	5.14249
1897	5.14233
1898	5.1422
1899	5.14211
1900	5.14208
1901	5.13492
1902	5.13499
1903	5.1351
1904	5.13531
1905	5.13559
1906	5.13589
1907	5.1363
1908	5.13678
1909	5.13725
1910	5.1377
1911	5.11118
1912	5.11169
1913	5.11217
1914	5.11264
1915	5.11313
1916	5.11363
1917	5.11418
1918	5.11478
1919	5.11527
1920	5.11575
1921	5.07146
1922	5.07182
1923	5.07211
1924	5.07238
1925	5.0726
1926	5.07281
1927	5.07294
1928	5.07305
1929	5.07317
1930	5.07329
1931	5.03599
1932	5.03614
1933	5.03631
1934	5.03656
1935	5.03683
1936	5.03713
1937	5.03746
1938	5.03783
1939	5.03825
1940	5.03863
1941	5.00283
1942	5.00329
1943	5.00378
1944	5.00421
1945	5.00459
1946	5.00495
1947	5.00532
1948	5.00567
1949	5.00596
1950	5.00624
1951	4.98809
1952	4.98839
1953	4.98871
1954	4.98903
1955	4.9893
1956	4.98957
1957	4.98978
1958	4.98991
1959	4.99005
1960	4.99018
1961	4.97175
1962	4.97193
1963	4.97216
1964	4.97239
1965	4.97267
1966	4.97302
1967	4.97335
1968	4.97374
1969	4.97418
1970	4.97456
1971	4.93114
1972	4.93154
1973	4.93195
1974	4.93235
1975	4.93266
1976	4.93287
1977	4.93298
1978	4.93303
1979	4.93301
1980	4.93292
1981	4.88825
1982	4.88803
1983	4.88786
1984	4.8877
1985	4.88755
1986	4.8874
1987	4.88726
1988	4.88717
1989	4.88712
1990	4.88712
1991	4.90552
1992	4.90557
1993	4.90568
1994	4.90581
1995	4.906
1996	4.90614
1997	4.90628
1998	4.90644
1999	4.90662
2000	4.90678
2001	4.83348
2002	4.83373
2003	4.83414
2004	4.83468
2005	4.83528
2006	4.83592
2007	4.83663
2008	4.8373
2009	4.83799
2010	4.83859
2011	4.81154
2012	4.81205
2013	4.81255
2014	4.81301
2015	4.81342
2016	4.81377
2017	4.8141
2018	4.81449
2019	4.81483
2020	4.81517
2021	4.80855
2022	4.80889
2023	4.80928
2024	4.80969
2025	4.81013
2026	4.81067
2027	4.81121
2028	4.81173
2029	4.81221
2030	4.81266
2031	4.7505
2032	4.7508
2033	4.75105
2034	4.75133
2035	4.75151
2036	4.75164
2037	4.75179
2038	4.75196
2039	4.75211
2040	4.75222
2041	4.7501
2042	4.7503
2043	4.75048
2044	4.75068
2045	4.75087
2046	4.75108
2047	4.75128
2048	4.75143
2049	4.75158
2050	4.7517
2051	4.7174
2052	4.71759
2053	4.71784
2054	4.71816
2055	4.71854
2056	4.71885
2057	4.71908
2058	4.71928
2059	4.71942
2060	4.71955
2061	4.69107
2062	4.69117
2063	4.69123
2064	4.69136
2065	4.6915
2066	4.69173
2067	4.69188
2068	4.69203
2069	4.69213
2070	4.69225
2071	4.64827
2072	4.64839
2073	4.6485
2074	4.64859
2075	4.6487
2076	4.64876
2077	4.64873
2078	4.64866
2079	4.64859
2080	4.6485
2081	4.61926
2082	4.61924
2083	4.6192
2084	4.61919
2085	4.61918
2086	4.61922
2087	4.6193
2088	4.61933
2089	4.61933
2090	4.61939
2091	4.58407
2092	4.58418
2093	4.58437
2094	4.58459
2095	4.58484
2096	4.58513
2097	4.58542
2098	4.5857
2099	4.58592
2100	4.5862
2101	4.57405
2102	4.57443
2103	4.57488
2104	4.57541
2105	4.57592
2106	4.57638
2107	4.57679
2108	4.57715
2109	4.57752
2110	4.57794
2111	4.56218
2112	4.56253
2113	4.56282
2114	4.56311
2115	4.56341
2116	4.56375
2117	4.56409
2118	4.56445
2119	4.56479
2120	4.56508
2121	4.55516
2122	4.55554
2123	4.55594
2124	4.5564
2125	4.55688
2126	4.55736
2127	4.55784
2128	4.55835
2129	4.55885
2130	4.55931
2131	4.52846
2132	4.52888
2133	4.52929
2134	4.52972
2135	4.53011
2136	4.53046
2137	4.53077
2138	4.53107
2139	4.53133
2140	4.5315
2141	4.50444
2142	4.50462
2143	4.50475
2144	4.50492
2145	4.5051
2146	4.50527
2147	4.50551
2148	4.50578
2149	4.50603
2150	4.5063
2151	4.48842
2152	4.48876
2153	4.48907
2154	4.4894
2155	4.48975
2156	4.49004
2157	4.49027
2158	4.49048
2159	4.49064
2160	4.49069
2161	4.44082
2162	4.4408
2163	4.44074
2164	4.4407
2165	4.44069
2166	4.44077
2167	4.44097
2168	4.44125
2169	4.44154
2170	4.44189
2171	4.42937
2172	4.42965
2173	4.42985
2174	4.43001
2175	4.43015
2176	4.43025
2177	4.4303
2178	4.43033
2179	4.43038
2180	4.43039
2181	4.38138
2182	4.38151
2183	4.38166
2184	4.38183
2185	4.38209
2186	4.38229
2187	4.38248
2188	4.38262
2189	4.38282
2190	4.38293
2191	4.37
2192	4.37003
2193	4.37003
2194	4.36998
2195	4.36989
2196	4.36973
2197	4.36954
2198	4.36935
2199	4.36919
2200	4.36915
2201	4.33104
2202	4.33119
2203	4.33145
2204	4.33181
2205	4.33222
2206	4.33265
2207	4.33312
2208	4.33365
2209	4.33419
2210	4.33479
2211	4.32923
2212	4.32992
2213	4.33069
2214	4.33151
2215	4.33232
2216	4.33308
2217	4.3338
2218	4.3344
2219	4.33489
2220	4.33539
2221	4.31482
2222	4.31524
2223	4.31559
2224	4.31591
2225	4.31623
2226	4.31652
2227	4.31674
2228	4.31695
2229	4.31719
2230	4.31741
2231	4.27851
2232	4.27874
2233	4.279
2234	4.27933
2235	4.27965
2236	4.28003
2237	4.28046
2238	4.2809
2239	4.2814
2240	4.28189
2241	4.27949
2242	4.27989
2243	4.28029
2244	4.28075
2245	4.28124
2246	4.28167
2247	4.28208
2248	4.28246
2249	4.28288
2250	4.28333
2251	4.26689
2252	4.26738
2253	4.26781
2254	4.26813
2255	4.26847
2256	4.26877
2257	4.26902
2258	4.26922
2259	4.26935
2260	4.26944
2261	4.24833
2262	4.24834
2263	4.24824
2264	4.24818
2265	4.24814
2266	4.24809
2267	4.24807
2268	4.24805
2269	4.24804
2270	4.24802
2271	4.20959
2272	4.20967
2273	4.20983
2274	4.21005
2275	4.21037
2276	4.21072
2277	4.21099
2278	4.21139
2279	4.21167
2280	4.21193
2281	4.19693
2282	4.19719
2283	4.19742
2284	4.19758
2285	4.19768
2286	4.19773
2287	4.19772
2288	4.19772
2289	4.19765
2290	4.1976
2291	4.16468
2292	4.16463
2293	4.16465
2294	4.16469
2295	4.16475
2296	4.16475
2297	4.16476
2298	4.16484
2299	4.16482
2300	4.1648
2301	4.14863
2302	4.14864
2303	4.14879
2304	4.149
2305	4.14924
2306	4.14949
2307	4.14981
2308	4.15028
2309	4.15076
2310	4.15127
2311	4.1335
2312	4.134
2313	4.1346
2314	4.13519
2315	4.13583
2316	4.13652
2317	4.13721
2318	4.13791
2319	4.13858
2320	4.1392
2321	4.12433
2322	4.1249
2323	4.12548
2324	4.1261
2325	4.1268
2326	4.12752
2327	4.12815
2328	4.12869
2329	4.1292
2330	4.1296
2331	4.0924
2332	4.09275
2333	4.09302
2334	4.09319
2335	4.09336
2336	4.09349
2337	4.09368
2338	4.09391
2339	4.09418
2340	4.09446
2341	4.07669
2342	4.07711
2343	4.07771
2344	4.07827
2345	4.07879
2346	4.07921
2347	4.07958
2348	4.07988
2349	4.08005
2350	4.08016
2351	4.01916
2352	4.01929
2353	4.01947
2354	4.01973
2355	4.01995
2356	4.02016
2357	4.02038
2358	4.02056
2359	4.02068
2360	4.02075
2361	4.01117
2362	4.01112
2363	4.01113
2364	4.01112
2365	4.01122
2366	4.01139
2367	4.01151
2368	4.01158
2369	4.0117
2370	4.01183
2371	3.99703
2372	3.99713
2373	3.99722
2374	3.99729
2375	3.99738
2376	3.99749
2377	3.99758
2378	3.99766
2379	3.99767
2380	3.99761
2381	3.95597
2382	3.95595
2383	3.95588
2384	3.95569
2385	3.95552
2386	3.95533
2387	3.95524
2388	3.95525
2389	3.9553
2390	3.95538
2391	3.94517
2392	3.94527
2393	3.94536
2394	3.9455
2395	3.94561
2396	3.94566
2397	3.9457
2398	3.94568
2399	3.94563
2400	3.94558
2401	3.90519
2402	3.90531
2403	3.90554
2404	3.90586
2405	3.90622
2406	3.90662
2407	3.90698
2408	3.90739
2409	3.90773
2410	3.90808
2411	3.90586
2412	3.90628
2413	3.9067
2414	3.90712
2415	3.90745
2416	3.90776
2417	3.90807
2418	3.90842
2419	3.90876
2420	3.90915
2421	3.89452
2422	3.89492
2423	3.89533
2424	3.89576
2425	3.89617
2426	3.89655
2427	3.89701
2428	3.89746
2429	3.89786
2430	3.89825
2431	3.87161
2432	3.87194
2433	3.87223
2434	3.87245
2435	3.87262
2436	3.87279
2437	3.87293
2438	3.87308
2439	3.87328
2440	3.8735
2441	3.85672
2442	3.85702
2443	3.85731
2444	3.85762
2445	3.85796
2446	3.85831
2447	3.85864
2448	3.859
2449	3.85941
2450	3.8598
2451	3.80862
2452	3.80889
2453	3.80902
2454	3.80909
2455	3.80913
2456	3.80915
2457	3.80917
2458	3.80913
2459	3.80903
2460	3.80888
2461	3.78007
2462	3.78013
2463	3.78018
2464	3.78033
2465	3.78061
2466	3.78079
2467	3.78095
2468	3.78103
2469	3.78111
2470	3.78119
2471	3.75264
2472	3.75264
2473	3.75258
2474	3.75248
2475	3.75246
2476	3.75237
2477	3.75231
2478	3.75221
2479	3.75207
2480	3.75188
2481	3.74664
2482	3.74652
2483	3.74645
2484	3.74644
2485	3.74647
2486	3.74647
2487	3.74654
2488	3.74656
2489	3.74655
2490	3.74652
2491	3.70698
2492	3.70689
2493	3.70676
2494	3.70665
2495	3.70646
2496	3.70631
2497	3.7062
2498	3.70616
2499	3.70628
2500	3.70659
2501	3.70505
2502	3.70534
2503	3.70564
2504	3.70591
2505	3.70619
2506	3.70645
2507	3.70679
2508	3.70713
2509	3.70756
2510	3.7079
2511	3.69737
2512	3.69785
2513	3.6983
2514	3.69876
2515	3.69921
2516	3.69971
2517	3.70027
2518	3.70082
2519	3.70128
2520	3.70168
2521	3.69583
2522	3.69613
2523	3.69644
2524	3.69672
2525	3.69708
2526	3.69746
2527	3.69776
2528	3.69802
2529	3.6982
2530	3.69836
2531	3.68163
2532	3.6818
2533	3.68202
2534	3.68219
2535	3.68241
2536	3.68262
2537	3.68286
2538	3.68312
2539	3.68334
2540	3.68362
2541	3.66273
2542	3.66304
2543	3.66336
2544	3.66368
2545	3.66394
2546	3.66416
2547	3.66443
2548	3.66468
2549	3.66493
2550	3.66511
2551	3.63264
2552	3.63261
2553	3.63255
2554	3.6325
2555	3.63255
2556	3.6326
2557	3.63258
2558	3.63242
2559	3.63232
2560	3.63225
2561	3.58097
2562	3.58096
2563	3.58097
2564	3.58101
2565	3.58112
2566	3.58119
2567	3.5813
2568	3.58136
2569	3.58135
2570	3.58136
2571	3.5788
2572	3.57872
2573	3.57871
2574	3.57878
2575	3.57889
2576	3.57908
2577	3.57922
2578	3.57939
2579	3.57956
2580	3.57976
2581	3.572
2582	3.57217
2583	3.57236
2584	3.57243
2585	3.57251
2586	3.57254
2587	3.57243
2588	3.57227
2589	3.5721
2590	3.57191
2591	3.56693
2592	3.56685
2593	3.56679
2594	3.56665
2595	3.56649
2596	3.56636
2597	3.56632
2598	3.56625
2599	3.56617
2600	3.56616
2601	3.53185
2602	3.53215
2603	3.53274
2604	3.53331
2605	3.53382
2606	3.53423
2607	3.53458
2608	3.53487
2609	3.53525
2610	3.5356
2611	3.53086
2612	3.53112
2613	3.53137
2614	3.53165
2615	3.53185
2616	3.53203
2617	3.53226
2618	3.53254
2619	3.5328
2620	3.53299
2621	3.51332
2622	3.51349
2623	3.51371
2624	3.51404
2625	3.5143
2626	3.51458
2627	3.51485
2628	3.51518
2629	3.51564
2630	3.51607
2631	3.50315
2632	3.50347
2633	3.50367
2634	3.50382
2635	3.50395
2636	3.50405
2637	3.50423
2638	3.50443
2639	3.50464
2640	3.50486
2641	3.47083
2642	3.47096
2643	3.47107
2644	3.47115
2645	3.47128
2646	3.4715
2647	3.47171
2648	3.47187
2649	3.47201
2650	3.47209
2651	3.47642
2652	3.47656
2653	3.47667
2654	3.47685
2655	3.4771
2656	3.47736
2657	3.47754
2658	3.47763
2659	3.47773
2660	3.47779
2661	3.43953
2662	3.43956
2663	3.43959
2664	3.43965
2665	3.43971
2666	3.43982
2667	3.4399
2668	3.43993
2669	3.44005
2670	3.44006
2671	3.42369
2672	3.42358
2673	3.42361
2674	3.42364
2675	3.42382
2676	3.42412
2677	3.42435
2678	3.42455
2679	3.42475
2680	3.4249
2681	3.40831
2682	3.40827
2683	3.40815
2684	3.40794
2685	3.40767
2686	3.40736
2687	3.40704
2688	3.40674
2689	3.40652
2690	3.40632
2691	3.4071
2692	3.40703
2693	3.40708
2694	3.40716
2695	3.40726
2696	3.40736
2697	3.40744
2698	3.40742
2699	3.40737
2700	3.40743
2701	3.36946
2702	3.36952
2703	3.36957
2704	3.36954
2705	3.36952
2706	3.36954
2707	3.36957
2708	3.36964
2709	3.36987
2710	3.37018
2711	3.37864
2712	3.37917
2713	3.37973
2714	3.38022
2715	3.38069
2716	3.38105
2717	3.38142
2718	3.38175
2719	3.38205
2720	3.38229
2721	3.38462
2722	3.38471
2723	3.38481
2724	3.38498
2725	3.38527
2726	3.38558
2727	3.38589
2728	3.38623
2729	3.38665
2730	3.38718
2731	3.35274
2732	3.3533
2733	3.35377
2734	3.35419
2735	3.35452
2736	3.35471
2737	3.35488
2738	3.35499
2739	3.35507
2740	3.35509
2741	3.3355
2742	3.33551
2743	3.33547
2744	3.33539
2745	3.33524
2746	3.33509
2747	3.33491
2748	3.3348
2749	3.33477
2750	3.33474
2751	3.32501
2752	3.32504
2753	3.32506
2754	3.32506
2755	3.32497
2756	3.32492
2757	3.3248
2758	3.32471
2759	3.32455
2760	3.32442
2761	3.28309
2762	3.28299
2763	3.28296
2764	3.28308
2765	3.28329
2766	3.28353
2767	3.28369
2768	3.28384
2769	3.28393
2770	3.284
2771	3.30067
2772	3.30072
2773	3.30079
2774	3.30098
2775	3.30118
2776	3.30139
2777	3.30156
2778	3.30167
2779	3.30176
2780	3.30182
2781	3.2654
2782	3.26541
2783	3.26543
2784	3.26549
2785	3.26556
2786	3.26553
2787	3.26545
2788	3.26532
2789	3.26525
2790	3.26517
2791	3.26301
2792	3.26283
2793	3.2627
2794	3.26255
2795	3.26235
2796	3.26211
2797	3.26189
2798	3.26166
2799	3.26141
2800	3.26119
2801	3.24098
2802	3.24099
2803	3.24104
2804	3.24117
2805	3.2413
2806	3.24147
2807	3.2416
2808	3.24171
2809	3.24191
2810	3.24222
2811	3.23304
2812	3.23331
2813	3.23359
2814	3.23379
2815	3.23402
2816	3.23419
2817	3.23435
2818	3.23461
2819	3.23488
2820	3.23526
2821	3.23408
2822	3.23449
2823	3.23487
2824	3.23523
2825	3.23563
2826	3.23591
2827	3.23606
2828	3.23615
2829	3.23621
2830	3.23623
2831	3.20857
2832	3.20858
2833	3.20852
2834	3.2085
2835	3.20847
2836	3.20849
2837	3.2086
2838	3.20871
2839	3.20893
2840	3.20908
2841	3.20449
2842	3.2046
2843	3.20453
2844	3.20432
2845	3.20405
2846	3.20373
2847	3.20336
2848	3.20304
2849	3.20266
2850	3.20246
2851	3.18585
2852	3.18582
2853	3.18584
2854	3.18581
2855	3.18586
2856	3.18596
2857	3.18606
2858	3.18599
2859	3.18585
2860	3.18561
2861	3.15668
2862	3.15625
2863	3.15577
2864	3.15529
2865	3.15486
2866	3.15454
2867	3.15427
2868	3.15397
2869	3.15363
2870	3.15333
2871	3.14892
2872	3.14867
2873	3.14849
2874	3.14818
2875	3.1479
2876	3.14764
2877	3.14734
2878	3.14704
2879	3.14682
2880	3.14655
2881	3.14666
2882	3.1466
2883	3.14662
2884	3.14663
2885	3.14667
2886	3.14677
2887	3.14684
2888	3.14699
2889	3.14705
2890	3.14706
2891	3.14563
2892	3.14558
2893	3.14549
2894	3.14545
2895	3.1454
2896	3.14551
2897	3.14562
2898	3.14573
2899	3.14574
2900	3.14575
2901	3.12494
2902	3.12495
2903	3.12506
2904	3.12519
2905	3.12531
2906	3.12556
2907	3.12595
2908	3.12643
2909	3.12689
2910	3.12748
2911	3.11808
2912	3.11868
2913	3.11926
2914	3.11996
2915	3.12064
2916	3.1213
2917	3.12194
2918	3.12245
2919	3.12281
2920	3.12307
2921	3.13394
2922	3.13415
2923	3.13423
2924	3.13425
2925	3.1343
2926	3.13439
2927	3.13458
2928	3.13479
2929	3.135
2930	3.1352
2931	3.10854
2932	3.10872
2933	3.1089
2934	3.109
2935	3.10907
2936	3.10931
2937	3.10943
2938	3.1095
2939	3.10947
2940	3.10951
2941	3.09866
2942	3.09863
2943	3.09857
2944	3.09842
2945	3.09833
2946	3.09824
2947	3.09813
2948	3.09802
2949	3.09785
2950	3.09765
2951	3.05239
2952	3.05219
2953	3.05193
2954	3.05169
2955	3.05147
2956	3.05127
2957	3.05111
2958	3.05091
2959	3.05067
2960	3.05041
2961	3.04645
2962	3.04647
2963	3.04661
2964	3.04676
2965	3.04684
2966	3.04688
2967	3.04691
2968	3.04688
2969	3.04686
2970	3.04677
2971	3.03564
2972	3.03549
2973	3.03528
2974	3.03503
2975	3.03478
2976	3.03458
2977	3.03443
2978	3.03424
2979	3.03404
2980	3.03382
2981	3.02844
2982	3.02841
2983	3.02834
2984	3.02829
2985	3.02824
2986	3.02815
2987	3.02802
2988	3.02797
2989	3.028
2990	3.02807
2991	3.00149
2992	3.00147
2993	3.00145
2994	3.0014
2995	3.00134
2996	3.00122
2997	3.00104
2998	3.00079
2999	3.00045
3000	3.00028
3001	2.99693
3002	2.99704
3003	2.99737
3004	2.99775
3005	2.99822
3006	2.99869
3007	2.99924
3008	2.99969
3009	3.00014
3010	3.00049
3011	2.99252
3012	2.99281
3013	2.99308
3014	2.99335
3015	2.99358
3016	2.99379
3017	2.99388
3018	2.99402
3019	2.99425
3020	2.99446
3021	2.99667
3022	2.99689
3023	2.99719
3024	2.99754
3025	2.99785
3026	2.99818
3027	2.99845
3028	2.99866
3029	2.99891
3030	2.99915
3031	2.97651
3032	2.97674
3033	2.97699
3034	2.97727
3035	2.97752
3036	2.97766
3037	2.97771
3038	2.97773
3039	2.9777
3040	2.97762
3041	2.9653
3042	2.96516
3043	2.96499
3044	2.96489
3045	2.96488
3046	2.96487
3047	2.96484
3048	2.96483
3049	2.96487
3050	2.96496
3051	2.97201
3052	2.97226
3053	2.97249
3054	2.97265
3055	2.97277
3056	2.97279
3057	2.97276
3058	2.97278
3059	2.97276
3060	2.97275
3061	2.93229
3062	2.93221
3063	2.93203
3064	2.93176
3065	2.9314
3066	2.9311
3067	2.93089
3068	2.9307
3069	2.93049
3070	2.9302
3071	2.91327
3072	2.91301
3073	2.91292
3074	2.91287
3075	2.91273
3076	2.9126
3077	2.9125
3078	2.91233
3079	2.91222
3080	2.91208
3081	2.90382
3082	2.90366
3083	2.90346
3084	2.90318
3085	2.90286
3086	2.90255
3087	2.90235
3088	2.90216
3089	2.90203
3090	2.90197
3091	2.885
3092	2.88491
3093	2.88474
3094	2.88455
3095	2.88439
3096	2.88434
3097	2.88436
3098	2.88432
3099	2.88415
3100	2.88401
3101	2.8771
3102	2.87711
3103	2.87722
3104	2.87739
3105	2.87767
3106	2.87798
3107	2.87832
3108	2.87866
3109	2.87902
3110	2.87937
3111	2.87869
3112	2.87896
3113	2.8792
3114	2.8794
3115	2.87956
3116	2.87971
3117	2.87989
3118	2.88017
3119	2.88062
3120	2.88105
3121	2.87094
3122	2.87142
3123	2.87186
3124	2.87224
3125	2.87249
3126	2.87264
3127	2.87279
3128	2.87287
3129	2.87296
3130	2.87295
3131	2.86528
3132	2.86527
3133	2.86522
3134	2.86519
3135	2.86524
3136	2.86523
3137	2.86521
3138	2.86525
3139	2.86537
3140	2.8655
3141	2.87713
3142	2.8773
3143	2.87737
3144	2.87742
3145	2.8774
3146	2.87737
3147	2.87727
3148	2.87711
3149	2.87697
3150	2.87685
3151	2.84951
3152	2.84939
3153	2.84936
3154	2.84931
3155	2.84947
3156	2.8495
3157	2.84949
3158	2.84939
3159	2.84932
3160	2.84926
3161	2.85043
3162	2.85018
3163	2.84992
3164	2.84965
3165	2.84946
3166	2.84928
3167	2.84926
3168	2.84917
3169	2.849
3170	2.8488
3171	2.83748
3172	2.83731
3173	2.83716
3174	2.83705
3175	2.83692
3176	2.8368
3177	2.83668
3178	2.83659
3179	2.83651
3180	2.8364
3181	2.81988
3182	2.81977
3183	2.81965
3184	2.81947
3185	2.81934
3186	2.81921
3187	2.81909
3188	2.81892
3189	2.81878
3190	2.81865
3191	2.8033
3192	2.8031
3193	2.80297
3194	2.80282
3195	2.80272
3196	2.80267
3197	2.80255
3198	2.80238
3199	2.80237
3200	2.80237
3201	2.78614
3202	2.78635
3203	2.78667
3204	2.787
3205	2.78736
3206	2.78784
3207	2.78825
3208	2.78865
3209	2.78897
3210	2.78918
3211	2.80409
3212	2.80437
3213	2.80463
3214	2.80493
3215	2.80521
3216	2.8055
3217	2.80585
3218	2.80636
3219	2.80686
3220	2.80744
3221	2.79952
3222	2.79992
3223	2.80024
3224	2.8006
3225	2.8009
3226	2.80122
3227	2.8015
3228	2.80172
3229	2.8019
3230	2.80202
3231	2.78694
3232	2.78695
3233	2.78692
3234	2.78684
3235	2.78694
3236	2.78693
3237	2.78696
3238	2.78698
3239	2.78696
3240	2.78687
3241	2.78578
3242	2.78568
3243	2.78553
3244	2.78543
3245	2.78527
3246	2.78512
3247	2.78499
3248	2.7849
3249	2.7849
3250	2.78499
3251	2.76355
3252	2.76379
3253	2.76408
3254	2.76428
3255	2.76438
3256	2.76434
3257	2.76415
3258	2.76391
3259	2.7636
3260	2.76338
3261	2.75335
3262	2.75328
3263	2.7533
3264	2.75343
3265	2.75356
3266	2.75357
3267	2.75362
3268	2.75356
3269	2.75344
3270	2.75323
3271	2.73279
3272	2.73241
3273	2.732
3274	2.73162
3275	2.73126
3276	2.73101
3277	2.73091
3278	2.73101
3279	2.73105
3280	2.73108
3281	2.73632
3282	2.73633
3283	2.73629
3284	2.7362
3285	2.73599
3286	2.73578
3287	2.73556
3288	2.73527
3289	2.735
3290	2.7348
3291	2.73737
3292	2.73723
3293	2.7372
3294	2.73719
3295	2.73714
3296	2.73712
3297	2.73712
3298	2.73712
3299	2.73716
3300	2.73713
3301	2.71647
3302	2.7165
3303	2.71649
3304	2.71643
3305	2.71649
3306	2.71671
3307	2.71688
3308	2.717
3309	2.71709
3310	2.71714
3311	2.71551
3312	2.7158
3313	2.71625
3314	2.71669
3315	2.71707
3316	2.71739
3317	2.71763
3318	2.71776
3319	2.7178
3320	2.71775
3321	2.69651
3322	2.69631
3323	2.69607
3324	2.69597
3325	2.69587
3326	2.69591
3327	2.69606
3328	2.69632
3329	2.69653
3330	2.69669
3331	2.68803
3332	2.68794
3333	2.68775
3334	2.68758
3335	2.68732
3336	2.68705
3337	2.68682
3338	2.68657
3339	2.68637
3340	2.68624
3341	2.68116
3342	2.68127
3343	2.68132
3344	2.68131
3345	2.68124
3346	2.68109
3347	2.68094
3348	2.68081
3349	2.68071
3350	2.68058
3351	2.67126
3352	2.67113
3353	2.67114
3354	2.6711
3355	2.67092
3356	2.67079
3357	2.6708
3358	2.67078
3359	2.67071
3360	2.67068
3361	2.65007
3362	2.64995
3363	2.64985
3364	2.64976
3365	2.64967
3366	2.64962
3367	2.64956
3368	2.64963
3369	2.64976
3370	2.64978
3371	2.63107
3372	2.631
3373	2.63106
3374	2.631
3375	2.63086
3376	2.63066
3377	2.63041
3378	2.63012
3379	2.6299
3380	2.62966
3381	2.61711
3382	2.61696
3383	2.61683
3384	2.61667
3385	2.61653
3386	2.61635
3387	2.61617
3388	2.61594
3389	2.61567
3390	2.61551
3391	2.61335
3392	2.61331
3393	2.61324
3394	2.6131
3395	2.61297
3396	2.61283
3397	2.61286
3398	2.61292
3399	2.61294
3400	2.61281
3401	2.61493
3402	2.61471
3403	2.61461
3404	2.61463
3405	2.61468
3406	2.61486
3407	2.61496
3408	2.61519
3409	2.6155
3410	2.6157
3411	2.61164
3412	2.6118
3413	2.61197
3414	2.61217
3415	2.6123
3416	2.6124
3417	2.61242
3418	2.61243
3419	2.61248
3420	2.6126
3421	2.605
3422	2.60526
3423	2.60548
3424	2.6057
3425	2.60576
3426	2.60578
3427	2.6057
3428	2.6056
3429	2.60547
3430	2.60533
3431	2.60896
3432	2.60874
3433	2.60855
3434	2.60846
3435	2.60837
3436	2.60833
3437	2.60842
3438	2.60853
3439	2.60868
3440	2.60879
3441	2.57857
3442	2.57856
3443	2.57852
3444	2.57853
3445	2.57861
3446	2.57866
3447	2.57866
3448	2.57871
3449	2.57878
3450	2.5788
3451	2.56647
3452	2.56656
3453	2.56657
3454	2.56661
3455	2.56666
3456	2.5668
3457	2.56685
3458	2.56688
3459	2.56682
3460	2.5669
3461	2.55463
3462	2.55466
3463	2.55468
3464	2.55467
3465	2.55461
3466	2.55452
3467	2.5544
3468	2.55417
3469	2.55395
3470	2.55366
3471	2.54982
3472	2.54957
3473	2.54945
3474	2.54943
3475	2.54947
3476	2.54939
3477	2.54917
3478	2.54899
3479	2.5488
3480	2.5487
3481	2.55486
3482	2.55487
3483	2.55495
3484	2.55501
3485	2.55504
3486	2.55502
3487	2.55499
3488	2.55492
3489	2.55489
3490	2.55477
3491	2.52688
3492	2.52672
3493	2.52661
3494	2.52652
3495	2.52653
3496	2.5266
3497	2.52668
3498	2.52663
3499	2.52656
3500	2.52647
3501	2.51963
3502	2.51944
3503	2.51926
3504	2.51913
3505	2.51906
3506	2.51915
3507	2.51937
3508	2.51957
3509	2.5198
3510	2.52001
3511	2.52337
3512	2.52353
3513	2.52357
3514	2.52359
3515	2.52356
3516	2.52361
3517	2.52365
3518	2.52369
3519	2.52373
3520	2.5237
3521	2.51224
3522	2.51217
3523	2.51206
3524	2.51186
3525	2.51184
3526	2.51191
3527	2.51195
3528	2.51194
3529	2.51195
3530	2.51195
3531	2.52518
3532	2.52498
3533	2.52471
3534	2.52433
3535	2.524
3536	2.52386
3537	2.52387
3538	2.52388
3539	2.52383
3540	2.52375
3541	2.48807
3542	2.48791
3543	2.48768
3544	2.48739
3545	2.48707
3546	2.48676
3547	2.48653
3548	2.48632
3549	2.48628
3550	2.4863
3551	2.4917
3552	2.49185
3553	2.49203
3554	2.49216
3555	2.49228
3556	2.49237
3557	2.49248
3558	2.49265
3559	2.49269
3560	2.49274
3561	2.50877
3562	2.50863
3563	2.50841
3564	2.50811
3565	2.5079
3566	2.50772
3567	2.50765
3568	2.50773
3569	2.50784
3570	2.50801
3571	2.48741
3572	2.48751
3573	2.48757
3574	2.48759
3575	2.48758
3576	2.48749
3577	2.48739
3578	2.48723
3579	2.48702
3580	2.48683
3581	2.47185
3582	2.47172
3583	2.47174
3584	2.47181
3585	2.47197
3586	2.47217
3587	2.4723
3588	2.47233
3589	2.47231
3590	2.47226
3591	2.46979
3592	2.46964
3593	2.46942
3594	2.46919
3595	2.46899
3596	2.46881
3597	2.46863
3598	2.46853
3599	2.46866
3600	2.46875
3601	2.45571
3602	2.4559
3603	2.45607
3604	2.45624
3605	2.45636
3606	2.45655
3607	2.45674
3608	2.45696
3609	2.45719
3610	2.45747
3611	2.46323
3612	2.46348
3613	2.46374
3614	2.46406
3615	2.4644
3616	2.46463
3617	2.4648
3618	2.46488
3619	2.46491
3620	2.46494
3621	2.44534
3622	2.44541
3623	2.44547
3624	2.44557
3625	2.44559
3626	2.44563
3627	2.44567
3628	2.44575
3629	2.44573
3630	2.4457
3631	2.45313
3632	2.45304
3633	2.45293
3634	2.45294
3635	2.45297
3636	2.45297
3637	2.45291
3638	2.45284
3639	2.45278
3640	2.45269
3641	2.44345
3642	2.44335
3643	2.44317
3644	2.44295
3645	2.44279
3646	2.44264
3647	2.44258
3648	2.4426
3649	2.44271
3650	2.44268
3651	2.40275
3652	2.40268
3653	2.40264
3654	2.40259
3655	2.40252
3656	2.40239
3657	2.40227
3658	2.40211
3659	2.40188
3660	2.40176
3661	2.39747
3662	2.39743
3663	2.39741
3664	2.3975
3665	2.39759
3666	2.39763
3667	2.39766
3668	2.39773
3669	2.39781
3670	2.39785
3671	2.37986
3672	2.37992
3673	2.38016
3674	2.38042
3675	2.3806
3676	2.38069
3677	2.3807
3678	2.38072
3679	2.38067
3680	2.38052
3681	2.36856
3682	2.36831
3683	2.36806
3684	2.36779
3685	2.36764
3686	2.36748
3687	2.36746
3688	2.36753
3689	2.36765
3690	2.36772
3691	2.38232
3692	2.38229
3693	2.38217
3694	2.38196
3695	2.38173
3696	2.38162
3697	2.38152
3698	2.38152
3699	2.38147
3700	2.38135
3701	2.3511
3702	2.35106
3703	2.35113
3704	2.35112
3705	2.35108
3706	2.35106
3707	2.35102
3708	2.3509
3709	2.35084
3710	2.35099
3711	2.36581
3712	2.36608
3713	2.36634
3714	2.36656
3715	2.3667
3716	2.36689
3717	2.36704
3718	2.36712
3719	2.36716
3720	2.36728
3721	2.35414
3722	2.35428
3723	2.35448
3724	2.35475
3725	2.35497
3726	2.35508
3727	2.3551
3728	2.3551
3729	2.35505
3730	2.35495
3731	2.33745
3732	2.33752
3733	2.33764
3734	2.33774
3735	2.33776
3736	2.33765
3737	2.33752
3738	2.33754
3739	2.33752
3740	2.33746
3741	2.31663
3742	2.31668
3743	2.31671
3744	2.31678
3745	2.31682
3746	2.31681
3747	2.31678
3748	2.31673
3749	2.31663
3750	2.31651
3751	2.31788
3752	2.31786
3753	2.3179
3754	2.31803
3755	2.31807
3756	2.31803
3757	2.31789
3758	2.31769
3759	2.31759
3760	2.31746
3761	2.31212
3762	2.31209
3763	2.31202
3764	2.31193
3765	2.31188
3766	2.31185
3767	2.3118
3768	2.3118
3769	2.31197
3770	2.31214
3771	2.31118
3772	2.31111
3773	2.31094
3774	2.31074
3775	2.31046
3776	2.31023
3777	2.31006
3778	2.30989
3779	2.30986
3780	2.30973
3781	2.28121
3782	2.28111
3783	2.281
3784	2.28085
3785	2.28065
3786	2.28043
3787	2.28014
3788	2.27983
3789	2.27948
3790	2.27912
3791	2.27796
3792	2.27796
3793	2.27788
3794	2.27777
3795	2.2776
3796	2.27737
3797	2.27706
3798	2.27673
3799	2.27648
3800	2.2765
3801	2.27919
3802	2.27923
3803	2.27917
3804	2.27904
3805	2.27905
3806	2.27918
3807	2.27934
3808	2.27957
3809	2.2799
3810	2.28012
3811	2.28504
3812	2.28511
3813	2.28526
3814	2.2856
3815	2.28602
3816	2.28647
3817	2.28678
3818	2.28704
3819	2.28725
3820	2.2874
3821	2.25288
3822	2.2534
3823	2.25382
3824	2.25411
3825	2.2543
3826	2.25441
3827	2.25447
3828	2.25447
3829	2.25451
3830	2.25473
3831	2.27034
3832	2.27052
3833	2.27064
3834	2.2707
3835	2.27081
3836	2.27083
3837	2.27085
3838	2.27093
3839	2.27095
3840	2.27092
3841	2.26061
3842	2.26059
3843	2.26057
3844	2.26047
3845	2.26034
3846	2.26014
3847	2.25988
3848	2.25961
3849	2.25944
3850	2.25941
3851	2.22316
3852	2.22309
3853	2.2229
3854	2.2226
3855	2.22223
3856	2.22188
3857	2.22159
3858	2.2215
3859	2.22136
3860	2.22114
3861	2.2267
3862	2.2265
3863	2.22628
3864	2.22617
3865	2.2261
3866	2.22599
3867	2.22583
3868	2.22577
3869	2.22568
3870	2.22563
3871	2.2257
3872	2.22573
3873	2.2257
3874	2.2256
3875	2.22545
3876	2.22525
3877	2.22512
3878	2.22497
3879	2.22504
3880	2.22503
3881	2.1904
3882	2.19042
3883	2.1903
3884	2.19014
3885	2.18997
3886	2.18991
3887	2.18979
3888	2.18959
3889	2.18935
3890	2.18925
3891	2.19495
3892	2.19517
3893	2.19538
3894	2.19552
3895	2.19556
3896	2.19556
3897	2.19553
3898	2.19558
3899	2.19565
3900	2.19571
3901	2.19941
3902	2.19974
3903	2.20005
3904	2.20037
3905	2.20079
3906	2.20107
3907	2.20116
3908	2.20114
3909	2.20111
3910	2.20121
3911	2.19377
3912	2.19416
3913	2.19445
3914	2.19468
3915	2.19479
3916	2.19474
3917	2.19475
3918	2.19485
3919	2.19513
3920	2.19544
3921	2.18292
3922	2.18318
3923	2.1833
3924	2.18335
3925	2.18337
3926	2.18351
3927	2.18364
3928	2.18372
3929	2.18372
3930	2.18377
3931	2.16421
3932	2.16457
3933	2.1651
3934	2.16567
3935	2.16598
3936	2.16592
3937	2.16558
3938	2.16517
3939	2.16475
3940	2.16452
3941	2.16213
3942	2.16232
3943	2.16259
3944	2.1628
3945	2.16288
3946	2.16286
3947	2.16266
3948	2.16241
3949	2.16219
3950	2.16194
3951	2.1448
3952	2.14459
3953	2.14446
3954	2.1443
3955	2.14415
3956	2.14407
3957	2.144
3958	2.14383
3959	2.14359
3960	2.14326
3961	2.13603
3962	2.13571
3963	2.1355
3964	2.13536
3965	2.13534
3966	2.13542
3967	2.13545
3968	2.13543
3969	2.13527
3970	2.1351
3971	2.11324
3972	2.11298
3973	2.11293
3974	2.11303
3975	2.11306
3976	2.11291
3977	2.1127
3978	2.1124
3979	2.11229
3980	2.11214
3981	2.13443
3982	2.13429
3983	2.13429
3984	2.13431
3985	2.13435
3986	2.13437
3987	2.13435
3988	2.13429
3989	2.13417
3990	2.13404
3991	2.11053
3992	2.1107
3993	2.11086
3994	2.11101
3995	2.11113
3996	2.11126
3997	2.11129
3998	2.11136
3999	2.11137
4000	2.11134
4001	2.10881
4002	2.10882
4003	2.1089
4004	2.109
4005	2.10914
4006	2.10929
4007	2.10951
4008	2.10971
4009	2.10995
4010	2.11016
4011	2.09028
4012	2.09046
4013	2.09066
4014	2.09083
4015	2.09096
4016	2.09101
4017	2.09112
4018	2.09123
4019	2.09143
4020	2.09162
4021	2.10858
4022	2.10858
4023	2.10858
4024	2.10875
4025	2.10894
4026	2.10899
4027	2.10904
4028	2.10903
4029	2.10895
4030	2.10889
4031	2.08275
4032	2.08271
4033	2.08271
4034	2.08274
4035	2.08276
4036	2.08273
4037	2.08261
4038	2.08247
4039	2.08226
4040	2.08208
4041	2.08055
4042	2.08057
4043	2.08053
4044	2.08057
4045	2.08063
4046	2.08071
4047	2.08076
4048	2.0807
4049	2.0806
4050	2.08049
4051	2.08329
4052	2.08323
4053	2.08341
4054	2.08366
4055	2.08382
4056	2.08383
4057	2.08373
4058	2.08358
4059	2.08352
4060	2.08356
4061	2.05887
4062	2.05875
4063	2.05868
4064	2.05864
4065	2.05859
4066	2.05856
4067	2.05851
4068	2.05844
4069	2.05832
4070	2.05807
4071	2.03932
4072	2.03907
4073	2.03893
4074	2.0391
4075	2.03931
4076	2.03949
4077	2.0396
4078	2.03958
4079	2.03945
4080	2.03945
4081	2.03754
4082	2.03763
4083	2.03775
4084	2.03784
4085	2.03788
4086	2.03792
4087	2.03787
4088	2.03776
4089	2.03761
4090	2.03759
4091	2.03734
4092	2.03728
4093	2.03721
4094	2.03707
4095	2.03692
4096	2.03677
4097	2.03666
4098	2.03656
4099	2.03641
4100	2.03631
4101	2.0135
4102	2.01347
4103	2.01353
4104	2.01378
4105	2.014
4106	2.01426
4107	2.01456
4108	2.01495
4109	2.01536
4110	2.01588
4111	2.0264
4112	2.02691
4113	2.02735
4114	2.02781
4115	2.02823
4116	2.0289
4117	2.02952
4118	2.03003
4119	2.03045
4120	2.03079
4121	2.03128
4122	2.03153
4123	2.03178
4124	2.03202
4125	2.03241
4126	2.03275
4127	2.03301
4128	2.03314
4129	2.0332
4130	2.03327
4131	2.01488
4132	2.01514
4133	2.01545
4134	2.01565
4135	2.01578
4136	2.01594
4137	2.01602
4138	2.0161
4139	2.01622
4140	2.01642
4141	2.00298
4142	2.00308
4143	2.00314
4144	2.00314
4145	2.00317
4146	2.00319
4147	2.00323
4148	2.00332
4149	2.00331
4150	2.00322
4151	1.97734
4152	1.97716
4153	1.97707
4154	1.97707
4155	1.97706
4156	1.97694
4157	1.97678
4158	1.97656
4159	1.97646
4160	1.9764
4161	1.95913
4162	1.95909
4163	1.95899
4164	1.95883
4165	1.95866
4166	1.95858
4167	1.95861
4168	1.95871
4169	1.95877
4170	1.9588
4171	1.96316
4172	1.96311
4173	1.96305
4174	1.9631
4175	1.96312
4176	1.96323
4177	1.96329
4178	1.96325
4179	1.96313
4180	1.96301
4181	1.9461
4182	1.94602
4183	1.94606
4184	1.94625
4185	1.94638
4186	1.94634
4187	1.94623
4188	1.94613
4189	1.94607
4190	1.94605
4191	1.94829
4192	1.94828
4193	1.94831
4194	1.94829
4195	1.94821
4196	1.94811
4197	1.94809
4198	1.94819
4199	1.94843
4200	1.94861
4201	1.94488
4202	1.94487
4203	1.94486
4204	1.94492
4205	1.94517
4206	1.94542
4207	1.94563
4208	1.94579
4209	1.94594
4210	1.94612
4211	1.92636
4212	1.92654
4213	1.92667
4214	1.92681
4215	1.92696
4216	1.92711
4217	1.92732
4218	1.92752
4219	1.92774
4220	1.92793
4221	1.92419
4222	1.92437
4223	1.92448
4224	1.92471
4225	1.92499
4226	1.92525
4227	1.92542
4228	1.92555
4229	1.92561
4230	1.92576
4231	1.91712
4232	1.91743
4233	1.91776
4234	1.91801
4235	1.91815
4236	1.91822
4237	1.91834
4238	1.91849
4239	1.91872
4240	1.91894
4241	1.91593
4242	1.91604
4243	1.91608
4244	1.91611
4245	1.91629
4246	1.91645
4247	1.91653
4248	1.91654
4249	1.91658
4250	1.91665
4251	1.8917
4252	1.89165
4253	1.8916
4254	1.89163
4255	1.89176
4256	1.89188
4257	1.89199
4258	1.89202
4259	1.892
4260	1.89191
4261	1.88218
4262	1.8822
4263	1.88221
4264	1.88224
4265	1.88218
4266	1.88202
4267	1.88197
4268	1.88203
4269	1.88208
4270	1.88206
4271	1.87687
4272	1.87684
4273	1.8769
4274	1.87697
4275	1.87699
4276	1.87693
4277	1.87684
4278	1.87678
4279	1.8768
4280	1.8768
4281	1.87014
4282	1.87025
4283	1.87029
4284	1.87024
4285	1.87018
4286	1.87015
4287	1.87013
4288	1.87009
4289	1.87
4290	1.86999
4291	1.85628
4292	1.85619
4293	1.85603
4294	1.85594
4295	1.8558
4296	1.85554
4297	1.85536
4298	1.85524
4299	1.8551
4300	1.85502
4301	1.84066
4302	1.84053
4303	1.84038
4304	1.84059
4305	1.84081
4306	1.84099
4307	1.84105
4308	1.84112
4309	1.84117
4310	1.84127
4311	1.83149
4312	1.83169
4313	1.83193
4314	1.8322
4315	1.83238
4316	1.83249
4317	1.83254
4318	1.8326
4319	1.83267
4320	1.8329
4321	1.83706
4322	1.83729
4323	1.83734
4324	1.83729
4325	1.83722
4326	1.83739
4327	1.83765
4328	1.83785
4329	1.83793
4330	1.83794
4331	1.81937
4332	1.81933
4333	1.81936
4334	1.81954
4335	1.81964
4336	1.81975
4337	1.81974
4338	1.8197
4339	1.81989
4340	1.82002
4341	1.82615
4342	1.82596
4343	1.82578
4344	1.82569
4345	1.82593
4346	1.82621
4347	1.82633
4348	1.82628
4349	1.82606
4350	1.82582
4351	1.81049
4352	1.81038
4353	1.81054
4354	1.81076
4355	1.81098
4356	1.81104
4357	1.81096
4358	1.81076
4359	1.81059
4360	1.81053
4361	1.81102
4362	1.81114
4363	1.81125
4364	1.81133
4365	1.81143
4366	1.81147
4367	1.8114
4368	1.81129
4369	1.81128
4370	1.81132
4371	1.805
4372	1.80513
4373	1.80526
4374	1.80534
4375	1.80538
4376	1.80541
4377	1.8054
4378	1.80546
4379	1.80563
4380	1.80583
4381	1.78876
4382	1.78894
4383	1.78912
4384	1.78928
4385	1.78939
4386	1.78944
4387	1.78947
4388	1.78952
4389	1.78952
4390	1.78951
4391	1.77726
4392	1.77735
4393	1.77735
4394	1.77729
4395	1.7772
4396	1.77713
4397	1.77705
4398	1.77699
4399	1.77693
4400	1.77698
4401	1.78069
4402	1.78072
4403	1.78089
4404	1.78112
4405	1.78139
4406	1.78157
4407	1.78169
4408	1.78194
4409	1.78225
4410	1.78263
4411	1.78365
4412	1.78386
4413	1.78398
4414	1.78403
4415	1.78402
4416	1.784
4417	1.78407
4418	1.78416
4419	1.78421
4420	1.78419
4421	1.77226
4422	1.77225
4423	1.77232
4424	1.77228
4425	1.77222
4426	1.7722
4427	1.77221
4428	1.77226
4429	1.77231
4430	1.77231
4431	1.77653
4432	1.77655
4433	1.77665
4434	1.77675
4435	1.77683
4436	1.7769
4437	1.77697
4438	1.777
4439	1.77715
4440	1.77723
4441	1.76731
4442	1.76735
4443	1.76748
4444	1.76763
4445	1.76774
4446	1.7678
4447	1.76779
4448	1.76785
4449	1.76793
4450	1.76804
4451	1.76089
4452	1.76105
4453	1.76116
4454	1.76116
4455	1.76107
4456	1.76093
4457	1.76095
4458	1.76103
4459	1.76123
4460	1.76133
4461	1.74365
4462	1.74359
4463	1.74348
4464	1.74344
4465	1.74345
4466	1.7435
4467	1.74353
4468	1.74351
4469	1.74345
4470	1.74338
4471	1.73826
4472	1.73818
4473	1.73805
4474	1.7379
4475	1.73788
4476	1.73787
4477	1.73788
4478	1.73788
4479	1.73782
4480	1.73777
4481	1.74719
4482	1.74711
4483	1.74708
4484	1.74715
4485	1.74718
4486	1.74724
4487	1.74727
4488	1.74726
4489	1.74724
4490	1.7472
4491	1.72417
4492	1.72417
4493	1.72417
4494	1.72419
4495	1.72422
4496	1.72419
4497	1.7241
4498	1.72396
4499	1.72394
4500	1.72413
4501	1.73814
4502	1.73822
4503	1.73822
4504	1.7382
4505	1.7382
4506	1.73827
4507	1.73838
4508	1.73851
4509	1.73862
4510	1.73869
4511	1.74033
4512	1.74034
4513	1.74047
4514	1.74059
4515	1.74063
4516	1.74067
4517	1.74084
4518	1.74114
4519	1.7413
4520	1.74138
4521	1.73805
4522	1.73816
4523	1.73831
4524	1.73845
4525	1.73863
4526	1.73871
4527	1.73875
4528	1.73875
4529	1.73881
4530	1.7389
4531	1.73774
4532	1.73792
4533	1.73802
4534	1.73797
4535	1.73787
4536	1.73774
4537	1.73767
4538	1.73764
4539	1.73788
4540	1.73813
4541	1.73083
4542	1.73069
4543	1.73051
4544	1.73043
4545	1.73057
4546	1.73076
4547	1.73089
4548	1.73095
4549	1.73093
4550	1.73087
4551	1.72406
4552	1.72413
4553	1.72422
4554	1.72431
4555	1.72432
4556	1.7242
4557	1.72404
4558	1.72388
4559	1.72383
4560	1.7239
4561	1.72881
4562	1.72889
4563	1.72883
4564	1.72871
4565	1.72861
4566	1.72856
4567	1.72848
4568	1.72841
4569	1.72838
4570	1.72846
4571	1.71286
4572	1.71277
4573	1.71261
4574	1.71241
4575	1.71231
4576	1.71225
4577	1.71227
4578	1.71229
4579	1.71223
4580	1.7121
4581	1.71043
4582	1.71037
4583	1.71036
4584	1.71038
4585	1.71041
4586	1.71037
4587	1.71032
4588	1.71034
4589	1.71041
4590	1.71044
4591	1.72055
4592	1.72057
4593	1.72051
4594	1.72038
4595	1.72031
4596	1.7203
4597	1.72041
4598	1.72048
4599	1.72047
4600	1.72042
4601	1.71006
4602	1.71021
4603	1.71033
4604	1.71042
4605	1.71056
4606	1.71071
4607	1.71089
4608	1.71117
4609	1.71137
4610	1.71154
4611	1.70656
4612	1.70668
4613	1.70675
4614	1.70677
4615	1.70673
4616	1.70692
4617	1.70708
4618	1.70719
4619	1.70719
4620	1.70711
4621	1.68855
4622	1.68865
4623	1.68871
4624	1.68871
4625	1.68879
4626	1.68888
4627	1.6889
4628	1.68892
4629	1.68892
4630	1.68894
4631	1.71241
4632	1.71246
4633	1.71244
4634	1.71234
4635	1.71218
4636	1.71197
4637	1.71194
4638	1.71203
4639	1.71205
4640	1.71197
4641	1.6977
4642	1.69767
4643	1.69769
4644	1.69782
4645	1.69799
4646	1.69817
4647	1.69833
4648	1.69842
4649	1.69853
4650	1.69867
4651	1.68371
4652	1.68378
4653	1.68382
4654	1.68383
4655	1.68382
4656	1.68393
4657	1.68395
4658	1.6839
4659	1.68405
4660	1.68421
4661	1.68401
4662	1.68404
4663	1.68406
4664	1.68412
4665	1.68421
4666	1.68438
4667	1.68457
4668	1.68466
4669	1.68464
4670	1.68455
4671	1.69405
4672	1.69395
4673	1.69387
4674	1.69387
4675	1.69387
4676	1.6938
4677	1.69366
4678	1.69349
4679	1.69338
4680	1.69346
4681	1.68331
4682	1.6833
4683	1.68318
4684	1.68305
4685	1.683
4686	1.68309
4687	1.68317
4688	1.68318
4689	1.68316
4690	1.6831
4691	1.68483
4692	1.6849
4693	1.68492
4694	1.6849
4695	1.68488
4696	1.68483
4697	1.68471
4698	1.68454
4699	1.68434
4700	1.68424
4701	1.67484
4702	1.67474
4703	1.67462
4704	1.67448
4705	1.67448
4706	1.67443
4707	1.67435
4708	1.67423
4709	1.6741
4710	1.67407
4711	1.67683
4712	1.67682
4713	1.6768
4714	1.67675
4715	1.67668
4716	1.6766
4717	1.67659
4718	1.67653
4719	1.67646
4720	1.67641
4721	1.67305
4722	1.67298
4723	1.67297
4724	1.67302
4725	1.67312
4726	1.67321
4727	1.67328
4728	1.67332
4729	1.67331
4730	1.67325
4731	1.68683
4732	1.68678
4733	1.68682
4734	1.68692
4735	1.68695
4736	1.68692
4737	1.68685
4738	1.68677
4739	1.68685
4740	1.68696
4741	1.67077
4742	1.67087
4743	1.67096
4744	1.67102
4745	1.67108
4746	1.67114
4747	1.67118
4748	1.67121
4749	1.67122
4750	1.67121
4751	1.67861
4752	1.67851
4753	1.67843
4754	1.67842
4755	1.67841
4756	1.67833
4757	1.67825
4758	1.67827
4759	1.6785
4760	1.6786
4761	1.67013
4762	1.67014
4763	1.67022
4764	1.67039
4765	1.6705
4766	1.67057
4767	1.67059
4768	1.6706
4769	1.67061
4770	1.67066
4771	1.67227
4772	1.67218
4773	1.67205
4774	1.67214
4775	1.67219
4776	1.6722
4777	1.67217
4778	1.67205
4779	1.67212
4780	1.67232
4781	1.65025
4782	1.65032
4783	1.65029
4784	1.65024
4785	1.65027
4786	1.65022
4787	1.65014
4788	1.65
4789	1.64985
4790	1.64973
4791	1.66091
4792	1.66075
4793	1.66058
4794	1.66053
4795	1.66044
4796	1.66034
4797	1.66023
4798	1.66017
4799	1.66029
4800	1.66038
4801	1.66318
4802	1.6631
4803	1.66301
4804	1.66305
4805	1.66319
4806	1.66336
4807	1.66356
4808	1.66374
4809	1.66381
4810	1.6638
4811	1.65097
4812	1.65094
4813	1.65092
4814	1.65095
4815	1.651
4816	1.65104
4817	1.6511
4818	1.65128
4819	1.65141
4820	1.65147
4821	1.66915
4822	1.66928
4823	1.66935
4824	1.66934
4825	1.66934
4826	1.66931
4827	1.66929
4828	1.66929
4829	1.66929
4830	1.6693
4831	1.66263
4832	1.6626
4833	1.66257
4834	1.66254
4835	1.66251
4836	1.66244
4837	1.66237
4838	1.66243
4839	1.6625
4840	1.66252
4841	1.65564
4842	1.65562
4843	1.6556
4844	1.65557
4845	1.65558
4846	1.65562
4847	1.65566
4848	1.65567
4849	1.65564
4850	1.65553
4851	1.66449
4852	1.66431
4853	1.66419
4854	1.66407
4855	1.66402
4856	1.66395
4857	1.66386
4858	1.66365
4859	1.66364
4860	1.66361
4861	1.65552
4862	1.65547
4863	1.65549
4864	1.6556
4865	1.65561
4866	1.65545
4867	1.65521
4868	1.65501
4869	1.65488
4870	1.65477
4871	1.65642
4872	1.65642
4873	1.65641
4874	1.65633
4875	1.65615
4876	1.65597
4877	1.65583
4878	1.65578
4879	1.65574
4880	1.65575
4881	1.66393
4882	1.66376
4883	1.66356
4884	1.66342
4885	1.66329
4886	1.66325
4887	1.66324
4888	1.66321
4889	1.66318
4890	1.66308
4891	1.66814
4892	1.66797
4893	1.66778
4894	1.6677
4895	1.6678
4896	1.6679
4897	1.66793
4898	1.66781
4899	1.66766
4900	1.66756
4901	1.66419
4902	1.66416
4903	1.66421
4904	1.66432
4905	1.66431
4906	1.66421
4907	1.66409
4908	1.66394
4909	1.6639
4910	1.66405
4911	1.68007
4912	1.68011
4913	1.68
4914	1.67989
4915	1.67982
4916	1.67982
4917	1.67976
4918	1.67966
4919	1.67953
4920	1.6794
4921	1.66497
4922	1.66487
4923	1.66481
4924	1.66474
4925	1.66477
4926	1.66477
4927	1.6648
4928	1.66477
4929	1.66473
4930	1.66476
4931	1.66199
4932	1.66197
4933	1.66195
4934	1.66194
4935	1.6619
4936	1.66184
4937	1.66178
4938	1.66179
4939	1.66177
4940	1.66183
4941	1.65973
4942	1.65967
4943	1.6596
4944	1.6595
4945	1.65941
4946	1.65944
4947	1.65963
4948	1.65982
4949	1.65993
4950	1.65987
4951	1.66343
4952	1.66336
4953	1.66331
4954	1.66333
4955	1.66342
4956	1.66354
4957	1.66357
4958	1.66352
4959	1.66339
4960	1.66328
4961	1.64981
4962	1.64985
4963	1.64996
4964	1.65008
4965	1.65012
4966	1.65005
4967	1.64993
4968	1.64984
4969	1.64983
4970	1.64986
4971	1.64911
4972	1.64906
4973	1.64896
4974	1.64883
4975	1.64879
4976	1.64879
4977	1.64878
4978	1.64882
4979	1.6488
4980	1.6487
4981	1.66058
4982	1.66042
4983	1.66028
4984	1.66025
4985	1.66023
4986	1.66017
4987	1.65999
4988	1.65972
4989	1.65951
4990	1.65956
4991	1.63829
4992	1.63835
4993	1.63834
4994	1.63825
4995	1.63811
4996	1.638
4997	1.63794
4998	1.63803
4999	1.63808
5000	1.63808
5001	1.64906
5002	1.64892
5003	1.64881
5004	1.64877
5005	1.64882
5006	1.64894
5007	1.6491
5008	1.64918
5009	1.6491
5010	1.64895
5011	1.65129
5012	1.65132
5013	1.65139
5014	1.65147
5015	1.65154
5016	1.6516
5017	1.65167
5018	1.65173
5019	1.65187
5020	1.65197
5021	1.64016
5022	1.64027
5023	1.64044
5024	1.64054
5025	1.6406
5026	1.6406
5027	1.64057
5028	1.64059
5029	1.64064
5030	1.64069
5031	1.65069
5032	1.65085
5033	1.65095
5034	1.65091
5035	1.65076
5036	1.65063
5037	1.65058
5038	1.65057
5039	1.65068
5040	1.65077
5041	1.63624
5042	1.6364
5043	1.63645
5044	1.63634
5045	1.63615
5046	1.63612
5047	1.63616
5048	1.6362
5049	1.63621
5050	1.63618
5051	1.63494
5052	1.63485
5053	1.63475
5054	1.63464
5055	1.63465
5056	1.63473
5057	1.6347
5058	1.6345
5059	1.63425
5060	1.63398
5061	1.64615
5062	1.64611
5063	1.64605
5064	1.64597
5065	1.64582
5066	1.64566
5067	1.64553
5068	1.64553
5069	1.64555
5070	1.6455
5071	1.63518
5072	1.6351
5073	1.63505
5074	1.63494
5075	1.63483
5076	1.63488
5077	1.63496
5078	1.63504
5079	1.635
5080	1.63491
5081	1.63493
5082	1.63499
5083	1.63498
5084	1.63489
5085	1.63483
5086	1.63485
5087	1.63484
5088	1.63476
5089	1.63468
5090	1.63461
5091	1.64339
5092	1.64343
5093	1.64343
5094	1.64341
5095	1.64336
5096	1.64332
5097	1.64337
5098	1.64342
5099	1.64344
5100	1.64347
5101	1.63989
5102	1.63999
5103	1.64004
5104	1.64004
5105	1.64005
5106	1.64005
5107	1.64001
5108	1.63989
5109	1.63989
5110	1.63989
5111	1.6147
5112	1.61469
5113	1.61472
5114	1.61469
5115	1.61463
5116	1.61452
5117	1.61448
5118	1.61457
5119	1.61466
5120	1.61471
5121	1.63344
5122	1.63344
5123	1.63345
5124	1.6335
5125	1.6335
5126	1.63345
5127	1.63338
5128	1.63331
5129	1.63327
5130	1.63317
5131	1.62625
5132	1.62625
5133	1.62624
5134	1.62617
5135	1.62604
5136	1.62586
5137	1.62572
5138	1.62558
5139	1.62556
5140	1.62547
5141	1.63113
5142	1.631
5143	1.63087
5144	1.63074
5145	1.63061
5146	1.63048
5147	1.63044
5148	1.63047
5149	1.63048
5150	1.6304
5151	1.62018
5152	1.62
5153	1.61986
5154	1.61974
5155	1.61979
5156	1.61994
5157	1.62013
5158	1.62019
5159	1.62009
5160	1.61996
5161	1.6219
5162	1.62187
5163	1.62187
5164	1.62198
5165	1.62212
5166	1.62216
5167	1.62204
5168	1.62179
5169	1.62158
5170	1.62142
5171	1.63435
5172	1.6344
5173	1.63451
5174	1.63453
5175	1.63443
5176	1.63425
5177	1.63407
5178	1.63397
5179	1.63393
5180	1.63397
5181	1.62489
5182	1.62485
5183	1.62476
5184	1.62461
5185	1.62446
5186	1.62438
5187	1.62445
5188	1.62447
5189	1.62445
5190	1.62441
5191	1.62976
5192	1.62962
5193	1.62951
5194	1.62949
5195	1.62966
5196	1.6298
5197	1.6298
5198	1.62973
5199	1.62968
5200	1.62964
5201	1.61764
5202	1.61758
5203	1.61747
5204	1.61736
5205	1.61722
5206	1.6171
5207	1.61701
5208	1.61702
5209	1.617
5210	1.61691
5211	1.62643
5212	1.62629
5213	1.62622
5214	1.6262
5215	1.62614
5216	1.62619
5217	1.6262
5218	1.62618
5219	1.62606
5220	1.62591
5221	1.62693
5222	1.62686
5223	1.62686
5224	1.62681
5225	1.62683
5226	1.62688
5227	1.62689
5228	1.62694
5229	1.62703
5230	1.6271
5231	1.62405
5232	1.62404
5233	1.62411
5234	1.6242
5235	1.62425
5236	1.62421
5237	1.6241
5238	1.62396
5239	1.62385
5240	1.62374
5241	1.62648
5242	1.62647
5243	1.62647
5244	1.62657
5245	1.62657
5246	1.62649
5247	1.62637
5248	1.62624
5249	1.62628
5250	1.62642
5251	1.63352
5252	1.63362
5253	1.63364
5254	1.63356
5255	1.63349
5256	1.63335
5257	1.63315
5258	1.63299
5259	1.6329
5260	1.6328
5261	1.62206
5262	1.62198
5263	1.62193
5264	1.62186
5265	1.62178
5266	1.62169
5267	1.62167
5268	1.62173
5269	1.62175
5270	1.62174
5271	1.61452
5272	1.61444
5273	1.61431
5274	1.61423
5275	1.6142
5276	1.61421
5277	1.61422
5278	1.6142
5279	1.61416
5280	1.61411
5281	1.62234
5282	1.62226
5283	1.6222
5284	1.62209
5285	1.62198
5286	1.62194
5287	1.62194
5288	1.62196
5289	1.62188
5290	1.62178
5291	1.60525
5292	1.60527
5293	1.6053
5294	1.60537
5295	1.60538
5296	1.60538
5297	1.60532
5298	1.60526
5299	1.60516
5300	1.60504
5301	1.61376
5302	1.61373
5303	1.61376
5304	1.61377
5305	1.61374
5306	1.6137
5307	1.61365
5308	1.61361
5309	1.61368
5310	1.61379
5311	1.62373
5312	1.62386
5313	1.62398
5314	1.62408
5315	1.62412
5316	1.62411
5317	1.624
5318	1.62392
5319	1.62384
5320	1.62377
5321	1.63664
5322	1.63668
5323	1.6368
5324	1.63692
5325	1.63704
5326	1.63712
5327	1.63718
5328	1.63723
5329	1.63728
5330	1.63743
5331	1.62514
5332	1.62525
5333	1.62533
5334	1.62538
5335	1.62538
5336	1.62536
5337	1.62528
5338	1.62519
5339	1.62508
5340	1.62499
5341	1.61282
5342	1.61293
5343	1.61308
5344	1.61319
5345	1.61322
5346	1.61325
5347	1.6133
5348	1.61339
5349	1.61354
5350	1.61373
5351	1.63391
5352	1.63399
5353	1.63397
5354	1.63392
5355	1.63384
5356	1.63373
5357	1.63363
5358	1.63355
5359	1.6335
5360	1.63349
5361	1.63024
5362	1.63019
5363	1.63003
5364	1.62982
5365	1.62964
5366	1.62965
5367	1.62969
5368	1.62979
5369	1.62986
5370	1.62987
5371	1.62787
5372	1.62784
5373	1.62781
5374	1.62779
5375	1.62773
5376	1.62768
5377	1.62767
5378	1.6278
5379	1.62794
5380	1.62805
5381	1.62618
5382	1.62632
5383	1.62643
5384	1.62651
5385	1.62661
5386	1.62667
5387	1.62676
5388	1.62685
5389	1.62688
5390	1.62682
5391	1.62652
5392	1.6265
5393	1.62646
5394	1.62638
5395	1.62631
5396	1.62623
5397	1.62619
5398	1.62618
5399	1.62616
5400	1.62609
5401	1.63199
5402	1.63196
5403	1.63197
5404	1.63195
5405	1.63194
5406	1.63192
5407	1.63191
5408	1.63191
5409	1.63186
5410	1.63174
5411	1.62233
5412	1.62238
5413	1.62245
5414	1.62247
5415	1.62242
5416	1.62231
5417	1.62219
5418	1.62213
5419	1.62223
5420	1.62239
5421	1.61267
5422	1.61279
5423	1.61287
5424	1.61291
5425	1.61295
5426	1.61294
5427	1.61284
5428	1.61271
5429	1.61262
5430	1.61253
5431	1.62418
5432	1.62406
5433	1.62392
5434	1.62377
5435	1.62377
5436	1.62374
5437	1.62374
5438	1.62382
5439	1.62393
5440	1.62397
5441	1.61902
5442	1.619
5443	1.61897
5444	1.61902
5445	1.61905
5446	1.61911
5447	1.6192
5448	1.61928
5449	1.61938
5450	1.61947
5451	1.61685
5452	1.61692
5453	1.61697
5454	1.617
5455	1.61698
5456	1.61691
5457	1.61681
5458	1.61674
5459	1.61667
5460	1.61661
5461	1.60712
5462	1.60722
5463	1.60732
5464	1.6074
5465	1.60745
5466	1.60743
5467	1.60749
5468	1.60753
5469	1.60753
5470	1.60754
5471	1.61509
5472	1.61516
5473	1.61523
5474	1.61531
5475	1.61534
5476	1.61528
5477	1.61518
5478	1.61509
5479	1.615
5480	1.61491
5481	1.60721
5482	1.60708
5483	1.60697
5484	1.6069
5485	1.6069
5486	1.60692
5487	1.60687
5488	1.60678
5489	1.60662
5490	1.60653
5491	1.6202
5492	1.62019
5493	1.62022
5494	1.62031
5495	1.62043
5496	1.62048
5497	1.62047
5498	1.62041
5499	1.62029
5500	1.62019
5501	1.61492
5502	1.61478
5503	1.61463
5504	1.61455
5505	1.61447
5506	1.61439
5507	1.61429
5508	1.61421
5509	1.61417
5510	1.61408
5511	1.61815
5512	1.61829
5513	1.61836
5514	1.61851
5515	1.61858
5516	1.61858
5517	1.61854
5518	1.61852
5519	1.61853
5520	1.61857
5521	1.61934
5522	1.61941
5523	1.61954
5524	1.61965
5525	1.61967
5526	1.61966
5527	1.61964
5528	1.61964
5529	1.61971
5530	1.61977
5531	1.62317
5532	1.62326
5533	1.62336
5534	1.62341
5535	1.62344
5536	1.62344
5537	1.62336
5538	1.6233
5539	1.62328
5540	1.62334
5541	1.62226
5542	1.6223
5543	1.62227
5544	1.62216
5545	1.62205
5546	1.62193
5547	1.62187
5548	1.62191
5549	1.62193
5550	1.62192
5551	1.61023
5552	1.61023
5553	1.61023
5554	1.6102
5555	1.61014
5556	1.61007
5557	1.61008
5558	1.61013
5559	1.61014
5560	1.61013
5561	1.61223
5562	1.61219
5563	1.61213
5564	1.61204
5565	1.61194
5566	1.61193
5567	1.61189
5568	1.61186
5569	1.61182
5570	1.61178
5571	1.61154
5572	1.61158
5573	1.61162
5574	1.61166
5575	1.61164
5576	1.61171
5577	1.61177
5578	1.61182
5579	1.61183
5580	1.61178
5581	1.62337
5582	1.62331
5583	1.62322
5584	1.6231
5585	1.62297
5586	1.62286
5587	1.62283
5588	1.62275
5589	1.62267
5590	1.62254
5591	1.60301
5592	1.60296
5593	1.60295
5594	1.60303
5595	1.60306
5596	1.60301
5597	1.60293
5598	1.60284
5599	1.60282
5600	1.60288
5601	1.60782
5602	1.60794
5603	1.60815
5604	1.60839
5605	1.60859
5606	1.60873
5607	1.60878
5608	1.60881
5609	1.60885
5610	1.60892
5611	1.60532
5612	1.60535
5613	1.60532
5614	1.6053
5615	1.60534
5616	1.60544
5617	1.60556
5618	1.60562
5619	1.60565
5620	1.60569
5621	1.59528
5622	1.59536
5623	1.59541
5624	1.59544
5625	1.59547
5626	1.59551
5627	1.59558
5628	1.59563
5629	1.59563
5630	1.59563
5631	1.60011
5632	1.60017
5633	1.60026
5634	1.60033
5635	1.60035
5636	1.60032
5637	1.60041
5638	1.60051
5639	1.60059
5640	1.60064
5641	1.60432
5642	1.60442
5643	1.60451
5644	1.60456
5645	1.60459
5646	1.60457
5647	1.60452
5648	1.60442
5649	1.60442
5650	1.60438
5651	1.58801
5652	1.58795
5653	1.58787
5654	1.58787
5655	1.58788
5656	1.58785
5657	1.58784
5658	1.58786
5659	1.58786
5660	1.58786
5661	1.59657
5662	1.59656
5663	1.59662
5664	1.59678
5665	1.59689
5666	1.59694
5667	1.59695
5668	1.59693
5669	1.59688
5670	1.59687
5671	1.59111
5672	1.59113
5673	1.59112
5674	1.59111
5675	1.59103
5676	1.59087
5677	1.59074
5678	1.5906
5679	1.59048
5680	1.59036
5681	1.57922
5682	1.57917
5683	1.57911
5684	1.57903
5685	1.57888
5686	1.57873
5687	1.57865
5688	1.57861
5689	1.57866
5690	1.57872
5691	1.578
5692	1.578
5693	1.57795
5694	1.57793
5695	1.57791
5696	1.57788
5697	1.5779
5698	1.57793
5699	1.57805
5700	1.57816
5701	1.58017
5702	1.58015
5703	1.58009
5704	1.58
5705	1.57992
5706	1.57987
5707	1.57979
5708	1.57976
5709	1.57976
5710	1.57993
5711	1.58394
5712	1.5841
5713	1.58417
5714	1.58418
5715	1.58415
5716	1.58414
5717	1.58425
5718	1.58439
5719	1.58453
5720	1.58467
5721	1.57531
5722	1.57543
5723	1.57549
5724	1.57555
5725	1.57559
5726	1.57563
5727	1.57565
5728	1.57563
5729	1.57559
5730	1.57555
5731	1.55443
5732	1.55445
5733	1.55451
5734	1.55455
5735	1.55456
5736	1.55461
5737	1.5546
5738	1.55456
5739	1.55451
5740	1.55448
5741	1.56409
5742	1.5641
5743	1.56411
5744	1.56417
5745	1.56424
5746	1.5643
5747	1.56431
5748	1.56433
5749	1.56436
5750	1.56436
5751	1.5661
5752	1.56608
5753	1.56611
5754	1.56615
5755	1.56618
5756	1.56618
5757	1.56612
5758	1.56609
5759	1.56605
5760	1.56602
5761	1.57139
5762	1.57138
5763	1.57132
5764	1.57124
5765	1.57118
5766	1.57115
5767	1.57114
5768	1.57109
5769	1.571
5770	1.57093
5771	1.5619
5772	1.56187
5773	1.56188
5774	1.56183
5775	1.56191
5776	1.562
5777	1.56216
5778	1.5623
5779	1.56232
5780	1.56223
5781	1.56279
5782	1.56273
5783	1.5627
5784	1.56267
5785	1.56267
5786	1.5627
5787	1.56272
5788	1.56269
5789	1.5626
5790	1.56249
5791	1.56996
5792	1.5701
5793	1.57022
5794	1.57033
5795	1.57034
5796	1.5703
5797	1.57028
5798	1.57024
5799	1.57022
5800	1.57027
5801	1.56561
5802	1.56574
5803	1.56585
5804	1.5659
5805	1.5659
5806	1.56584
5807	1.56582
5808	1.56577
5809	1.5657
5810	1.5658
5811	1.57015
5812	1.57024
5813	1.57031
5814	1.5703
5815	1.57028
5816	1.57025
5817	1.57018
5818	1.57021
5819	1.57038
5820	1.57054
5821	1.57153
5822	1.57166
5823	1.57173
5824	1.57181
5825	1.57188
5826	1.57197
5827	1.57209
5828	1.57225
5829	1.57236
5830	1.57255
5831	1.57724
5832	1.57735
5833	1.57739
5834	1.57738
5835	1.57733
5836	1.57729
5837	1.57731
5838	1.57744
5839	1.57755
5840	1.57756
5841	1.5645
5842	1.56443
5843	1.56427
5844	1.56408
5845	1.56387
5846	1.56366
5847	1.5636
5848	1.56355
5849	1.56364
5850	1.56381
5851	1.56895
5852	1.569
5853	1.56893
5854	1.56879
5855	1.5687
5856	1.56866
5857	1.5687
5858	1.56875
5859	1.56878
5860	1.56878
5861	1.55525
5862	1.55521
5863	1.55513
5864	1.55512
5865	1.55504
5866	1.55493
5867	1.55485
5868	1.55493
5869	1.55502
5870	1.55512
5871	1.55863
5872	1.55867
5873	1.55874
5874	1.55881
5875	1.55884
5876	1.55883
5877	1.55875
5878	1.55861
5879	1.55846
5880	1.55837
5881	1.56083
5882	1.56084
5883	1.5609
5884	1.5609
5885	1.56079
5886	1.56064
5887	1.56054
5888	1.56054
5889	1.56051
5890	1.56044
5891	1.55991
5892	1.56019
5893	1.56041
5894	1.56061
5895	1.56075
5896	1.56078
5897	1.5607
5898	1.56063
5899	1.5606
5900	1.56057
5901	1.54854
5902	1.54854
5903	1.5485
5904	1.54854
5905	1.54855
5906	1.54856
5907	1.54855
5908	1.54851
5909	1.54845
5910	1.54834
5911	1.53674
5912	1.5367
5913	1.53668
5914	1.53667
5915	1.53667
5916	1.53669
5917	1.53669
5918	1.53673
5919	1.53674
5920	1.53672
5921	1.55283
5922	1.55277
5923	1.5527
5924	1.55262
5925	1.55252
5926	1.55246
5927	1.55244
5928	1.5525
5929	1.55253
5930	1.55258
5931	1.52919
5932	1.52914
5933	1.5291
5934	1.52908
5935	1.52916
5936	1.52927
5937	1.52939
5938	1.52954
5939	1.52964
5940	1.52972
5941	1.54787
5942	1.54788
5943	1.54786
5944	1.54787
5945	1.54791
5946	1.54793
5947	1.54796
5948	1.54802
5949	1.54807
5950	1.54809
5951	1.536
5952	1.53602
5953	1.5361
5954	1.53619
5955	1.53637
5956	1.53658
5957	1.53672
5958	1.53678
5959	1.53676
5960	1.53675
5961	1.5442
5962	1.54418
5963	1.54409
5964	1.54397
5965	1.5439
5966	1.54385
5967	1.54381
5968	1.54379
5969	1.54378
5970	1.54376
5971	1.54212
5972	1.54211
5973	1.5421
5974	1.54214
5975	1.54213
5976	1.54207
5977	1.54205
5978	1.54201
5979	1.54194
5980	1.54193
5981	1.53557
5982	1.53557
5983	1.53559
5984	1.5356
5985	1.53562
5986	1.53567
5987	1.53566
5988	1.53563
5989	1.53562
5990	1.53566
5991	1.54254
5992	1.54251
5993	1.54244
5994	1.54232
5995	1.54212
5996	1.54188
5997	1.54164
5998	1.54146
5999	1.54137
6000	1.5414
6001	1.54129
6002	1.54126
6003	1.54122
6004	1.54131
6005	1.54146
6006	1.54167
6007	1.54189
6008	1.54215
6009	1.54234
6010	1.54256
6011	1.53425
6012	1.53438
6013	1.53446
6014	1.53449
6015	1.53446
6016	1.53445
6017	1.53443
6018	1.53435
6019	1.53425
6020	1.53418
6021	1.53536
6022	1.53528
6023	1.53514
6024	1.53502
6025	1.53492
6026	1.53486
6027	1.53482
6028	1.53486
6029	1.535
6030	1.53509
6031	1.53199
6032	1.53208
6033	1.53222
6034	1.53229
6035	1.53231
6036	1.53235
6037	1.53241
6038	1.53244
6039	1.53245
6040	1.53248
6041	1.54658
6042	1.54661
6043	1.54659
6044	1.54649
6045	1.54641
6046	1.54636
6047	1.54633
6048	1.54624
6049	1.54625
6050	1.5463
6051	1.52596
6052	1.526
6053	1.52597
6054	1.52592
6055	1.52587
6056	1.52582
6057	1.52576
6058	1.52572
6059	1.52567
6060	1.52559
6061	1.51484
6062	1.5149
6063	1.51494
6064	1.51498
6065	1.51498
6066	1.51498
6067	1.51501
6068	1.51509
6069	1.51517
6070	1.51526
6071	1.52077
6072	1.52084
6073	1.52089
6074	1.52089
6075	1.5209
6076	1.52089
6077	1.52085
6078	1.52076
6079	1.52064
6080	1.52049
6081	1.52473
6082	1.52461
6083	1.52453
6084	1.5245
6085	1.52456
6086	1.52465
6087	1.52468
6088	1.52474
6089	1.52481
6090	1.52492
6091	1.52537
6092	1.52553
6093	1.52565
6094	1.52577
6095	1.52581
6096	1.52581
6097	1.52578
6098	1.52571
6099	1.52558
6100	1.52545
6101	1.5308
6102	1.53075
6103	1.53072
6104	1.53067
6105	1.53064
6106	1.53059
6107	1.53051
6108	1.53043
6109	1.53032
6110	1.53025
6111	1.51976
6112	1.51979
6113	1.51982
6114	1.5199
6115	1.51992
6116	1.51991
6117	1.51992
6118	1.51987
6119	1.51977
6120	1.51972
6121	1.53062
6122	1.53054
6123	1.53052
6124	1.53048
6125	1.53041
6126	1.53041
6127	1.53046
6128	1.53049
6129	1.53047
6130	1.53045
6131	1.52052
6132	1.52048
6133	1.52044
6134	1.52042
6135	1.52038
6136	1.52039
6137	1.52039
6138	1.52042
6139	1.52046
6140	1.52045
6141	1.52038
6142	1.52043
6143	1.52046
6144	1.52049
6145	1.52051
6146	1.52047
6147	1.52048
6148	1.5205
6149	1.52053
6150	1.52056
6151	1.52159
6152	1.52156
6153	1.52157
6154	1.52154
6155	1.52147
6156	1.52137
6157	1.52127
6158	1.52113
6159	1.52099
6160	1.5209
6161	1.52519
6162	1.52514
6163	1.52506
6164	1.52499
6165	1.52496
6166	1.52492
6167	1.52488
6168	1.52488
6169	1.52486
6170	1.52489
6171	1.53072
6172	1.53078
6173	1.5308
6174	1.53079
6175	1.53075
6176	1.53077
6177	1.53077
6178	1.53077
6179	1.53073
6180	1.5307
6181	1.52902
6182	1.52903
6183	1.52911
6184	1.52915
6185	1.52915
6186	1.52917
6187	1.52918
6188	1.52927
6189	1.52934
6190	1.52942
6191	1.52731
6192	1.52733
6193	1.52737
6194	1.52745
6195	1.52751
6196	1.5275
6197	1.52754
6198	1.52759
6199	1.5276
6200	1.52759
6201	1.52209
6202	1.52197
6203	1.52183
6204	1.52172
6205	1.52171
6206	1.52171
6207	1.5217
6208	1.52165
6209	1.52154
6210	1.52137
6211	1.54036
6212	1.54024
6213	1.54015
6214	1.54012
6215	1.54018
6216	1.54025
6217	1.54034
6218	1.54041
6219	1.54039
6220	1.54033
6221	1.52905
6222	1.52895
6223	1.52894
6224	1.52898
6225	1.52901
6226	1.52909
6227	1.52919
6228	1.52927
6229	1.52932
6230	1.52939
6231	1.52371
6232	1.52387
6233	1.52399
6234	1.52406
6235	1.52405
6236	1.52404
6237	1.524
6238	1.52394
6239	1.52389
6240	1.52384
6241	1.51949
6242	1.51946
6243	1.5195
6244	1.51955
6245	1.51958
6246	1.51958
6247	1.51954
6248	1.51948
6249	1.51944
6250	1.51942
6251	1.52647
6252	1.52639
6253	1.52634
6254	1.52624
6255	1.52612
6256	1.52597
6257	1.52585
6258	1.52573
6259	1.52566
6260	1.5256
6261	1.52076
6262	1.52072
6263	1.52061
6264	1.52057
6265	1.5205
6266	1.52044
6267	1.52036
6268	1.52028
6269	1.5202
6270	1.52012
6271	1.5262
6272	1.52623
6273	1.52623
6274	1.52623
6275	1.52622
6276	1.52617
6277	1.52612
6278	1.52603
6279	1.52591
6280	1.5258
6281	1.52441
6282	1.52439
6283	1.52443
6284	1.52444
6285	1.5244
6286	1.52436
6287	1.52426
6288	1.52418
6289	1.52411
6290	1.52425
6291	1.51759
6292	1.51784
6293	1.51809
6294	1.5183
6295	1.51839
6296	1.51842
6297	1.51841
6298	1.51845
6299	1.51851
6300	1.51854
6301	1.5189
6302	1.51881
6303	1.51871
6304	1.51869
6305	1.51871
6306	1.51874
6307	1.5187
6308	1.51864
6309	1.51854
6310	1.51844
6311	1.52013
6312	1.52013
6313	1.5201
6314	1.5201
6315	1.52013
6316	1.52024
6317	1.52035
6318	1.52035
6319	1.5203
6320	1.52023
6321	1.52918
6322	1.52915
6323	1.52908
6324	1.529
6325	1.52895
6326	1.52898
6327	1.52899
6328	1.52896
6329	1.52892
6330	1.52888
6331	1.52357
6332	1.52342
6333	1.52338
6334	1.52339
6335	1.52339
6336	1.52331
6337	1.52323
6338	1.52319
6339	1.52322
6340	1.52326
6341	1.51242
6342	1.51245
6343	1.51254
6344	1.51263
6345	1.51272
6346	1.51282
6347	1.51292
6348	1.51293
6349	1.51294
6350	1.51296
6351	1.51628
6352	1.5163
6353	1.51625
6354	1.51621
6355	1.51618
6356	1.51616
6357	1.51616
6358	1.51612
6359	1.51609
6360	1.51603
6361	1.51003
6362	1.50999
6363	1.50996
6364	1.50992
6365	1.50995
6366	1.51004
6367	1.51016
6368	1.51024
6369	1.51034
6370	1.5104
6371	1.5209
6372	1.52087
6373	1.52078
6374	1.52068
6375	1.52061
6376	1.52058
6377	1.52057
6378	1.52054
6379	1.52047
6380	1.52037
6381	1.50492
6382	1.50484
6383	1.50488
6384	1.505
6385	1.50508
6386	1.50509
6387	1.50507
6388	1.50503
6389	1.50503
6390	1.50506
6391	1.52005
6392	1.52017
6393	1.5203
6394	1.52041
6395	1.5205
6396	1.52054
6397	1.52057
6398	1.52056
6399	1.52057
6400	1.52061
6401	1.52031
6402	1.52031
6403	1.52032
6404	1.52037
6405	1.5204
6406	1.52041
6407	1.52046
6408	1.52053
6409	1.52061
6410	1.52067
6411	1.52031
6412	1.52038
6413	1.52046
6414	1.52054
6415	1.52057
6416	1.5207
6417	1.5209
6418	1.5211
6419	1.52124
6420	1.52132
6421	1.52445
6422	1.52446
6423	1.5245
6424	1.52454
6425	1.52459
6426	1.5247
6427	1.52488
6428	1.52513
6429	1.52535
6430	1.5255
6431	1.5123
6432	1.51233
6433	1.51239
6434	1.51241
6435	1.51252
6436	1.51264
6437	1.51269
6438	1.51273
6439	1.51277
6440	1.51283
6441	1.51046
6442	1.51056
6443	1.51069
6444	1.51075
6445	1.51082
6446	1.51089
6447	1.51099
6448	1.51109
6449	1.51113
6450	1.51117
6451	1.5139
6452	1.51391
6453	1.51389
6454	1.51384
6455	1.51377
6456	1.51369
6457	1.51354
6458	1.51344
6459	1.51339
6460	1.51339
6461	1.51127
6462	1.51123
6463	1.5113
6464	1.51138
6465	1.51151
6466	1.51165
6467	1.51171
6468	1.51177
6469	1.51179
6470	1.51182
6471	1.50871
6472	1.50867
6473	1.50859
6474	1.5085
6475	1.50837
6476	1.50826
6477	1.50812
6478	1.50798
6479	1.50782
6480	1.50773
6481	1.51186
6482	1.51185
6483	1.51184
6484	1.51182
6485	1.51178
6486	1.51176
6487	1.51178
6488	1.51183
6489	1.51189
6490	1.51193
6491	1.51205
6492	1.51208
6493	1.51207
6494	1.51209
6495	1.51214
6496	1.51213
6497	1.51215
6498	1.51215
6499	1.51217
6500	1.51216
6501	1.50704
6502	1.50705
6503	1.50706
6504	1.50706
6505	1.50707
6506	1.50708
6507	1.507
6508	1.50695
6509	1.50687
6510	1.50677
6511	1.48937
6512	1.48932
6513	1.48934
6514	1.48937
6515	1.48941
6516	1.4895
6517	1.48965
6518	1.48971
6519	1.48975
6520	1.48979
6521	1.50107
6522	1.5011
6523	1.50115
6524	1.5012
6525	1.50126
6526	1.50128
6527	1.50127
6528	1.50131
6529	1.50134
6530	1.50137
6531	1.48918
6532	1.48915
6533	1.48906
6534	1.48903
6535	1.48897
6536	1.48887
6537	1.48875
6538	1.48877
6539	1.4888
6540	1.48883
6541	1.50092
6542	1.50093
6543	1.50095
6544	1.5009
6545	1.50082
6546	1.50069
6547	1.50053
6548	1.5004
6549	1.50032
6550	1.50028
6551	1.49646
6552	1.49654
6553	1.4966
6554	1.49661
6555	1.49655
6556	1.49646
6557	1.4964
6558	1.49631
6559	1.49624
6560	1.49624
6561	1.498
6562	1.49797
6563	1.49795
6564	1.49805
6565	1.49822
6566	1.49845
6567	1.4987
6568	1.49888
6569	1.49896
6570	1.49895
6571	1.50529
6572	1.50528
6573	1.50533
6574	1.50537
6575	1.5054
6576	1.50543
6577	1.50546
6578	1.50561
6579	1.50578
6580	1.50589
6581	1.49177
6582	1.49187
6583	1.4919
6584	1.49188
6585	1.49183
6586	1.49181
6587	1.49183
6588	1.49193
6589	1.49198
6590	1.49199
6591	1.49394
6592	1.49393
6593	1.49383
6594	1.49372
6595	1.49356
6596	1.49339
6597	1.49324
6598	1.49314
6599	1.49316
6600	1.49323
6601	1.50009
6602	1.50021
6603	1.50036
6604	1.50045
6605	1.50051
6606	1.50057
6607	1.50067
6608	1.5008
6609	1.5009
6610	1.50105
6611	1.50598
6612	1.50607
6613	1.50612
6614	1.50615
6615	1.50617
6616	1.50618
6617	1.50616
6618	1.50609
6619	1.50601
6620	1.50594
6621	1.49595
6622	1.49599
6623	1.49606
6624	1.49611
6625	1.49611
6626	1.49612
6627	1.49617
6628	1.49623
6629	1.49625
6630	1.49629
6631	1.51141
6632	1.51146
6633	1.51153
6634	1.51155
6635	1.51158
6636	1.51165
6637	1.51174
6638	1.51181
6639	1.51183
6640	1.51182
6641	1.50096
6642	1.50093
6643	1.50089
6644	1.50093
6645	1.50099
6646	1.50103
6647	1.50106
6648	1.50113
6649	1.50119
6650	1.5013
6651	1.50266
6652	1.50275
6653	1.5028
6654	1.50286
6655	1.50292
6656	1.50293
6657	1.50295
6658	1.50289
6659	1.50279
6660	1.50263
6661	1.49812
6662	1.498
6663	1.49796
6664	1.49793
6665	1.49791
6666	1.49792
6667	1.49794
6668	1.49799
6669	1.498
6670	1.49796
6671	1.48899
6672	1.48897
6673	1.48902
6674	1.48908
6675	1.48915
6676	1.48917
6677	1.48927
6678	1.48936
6679	1.48939
6680	1.48936
6681	1.49974
6682	1.49966
6683	1.49956
6684	1.49951
6685	1.49951
6686	1.49946
6687	1.49932
6688	1.49918
6689	1.49903
6690	1.49892
6691	1.47603
6692	1.47603
6693	1.47605
6694	1.47605
6695	1.47606
6696	1.4761
6697	1.47616
6698	1.4762
6699	1.47623
6700	1.4763
6701	1.47908
6702	1.47916
6703	1.47923
6704	1.47923
6705	1.47915
6706	1.47905
6707	1.47895
6708	1.47884
6709	1.4788
6710	1.47884
6711	1.48093
6712	1.48101
6713	1.48111
6714	1.48117
6715	1.48113
6716	1.48107
6717	1.48103
6718	1.48107
6719	1.48111
6720	1.48115
6721	1.489
6722	1.48893
6723	1.48885
6724	1.48877
6725	1.48871
6726	1.48862
6727	1.48854
6728	1.48845
6729	1.4884
6730	1.4884
6731	1.48301
6732	1.48306
6733	1.48309
6734	1.48311
6735	1.48311
6736	1.48306
6737	1.48302
6738	1.48295
6739	1.48287
6740	1.48297
6741	1.48502
6742	1.48517
6743	1.48532
6744	1.48544
6745	1.48554
6746	1.48562
6747	1.48568
6748	1.48571
6749	1.48571
6750	1.4857
6751	1.49225
6752	1.49224
6753	1.49219
6754	1.49216
6755	1.49217
6756	1.4922
6757	1.4922
6758	1.49224
6759	1.49229
6760	1.49241
6761	1.48382
6762	1.48399
6763	1.48418
6764	1.48432
6765	1.48444
6766	1.48454
6767	1.48463
6768	1.48463
6769	1.48457
6770	1.48447
6771	1.49671
6772	1.49667
6773	1.49663
6774	1.49663
6775	1.49662
6776	1.49667
6777	1.49676
6778	1.49685
6779	1.49698
6780	1.49705
6781	1.48528
6782	1.48524
6783	1.48517
6784	1.48513
6785	1.48513
6786	1.48504
6787	1.48496
6788	1.48486
6789	1.48487
6790	1.48491
6791	1.48211
6792	1.48213
6793	1.4821
6794	1.48208
6795	1.4821
6796	1.48211
6797	1.48215
6798	1.4822
6799	1.48227
6800	1.48234
6801	1.4832
6802	1.48323
6803	1.48328
6804	1.48332
6805	1.4833
6806	1.4833
6807	1.48325
6808	1.48322
6809	1.48314
6810	1.48301
6811	1.47857
6812	1.47851
6813	1.4784
6814	1.47832
6815	1.47825
6816	1.47823
6817	1.47826
6818	1.47824
6819	1.47827
6820	1.47831
6821	1.48469
6822	1.48466
6823	1.48469
6824	1.48472
6825	1.48474
6826	1.48479
6827	1.48486
6828	1.48493
6829	1.48497
6830	1.48495
6831	1.48379
6832	1.48373
6833	1.48371
6834	1.48383
6835	1.48398
6836	1.48409
6837	1.48413
6838	1.48413
6839	1.48414
6840	1.48413
6841	1.49815
6842	1.49812
6843	1.49812
6844	1.49817
6845	1.49822
6846	1.49828
6847	1.49835
6848	1.4984
6849	1.49847
6850	1.49853
6851	1.4934
6852	1.49338
6853	1.49332
6854	1.49321
6855	1.49307
6856	1.49294
6857	1.4929
6858	1.49285
6859	1.49285
6860	1.49276
6861	1.4882
6862	1.48821
6863	1.48826
6864	1.4883
6865	1.48833
6866	1.48834
6867	1.48835
6868	1.48838
6869	1.48841
6870	1.48843
6871	1.49179
6872	1.49178
6873	1.49184
6874	1.49189
6875	1.49196
6876	1.49208
6877	1.49221
6878	1.49234
6879	1.4924
6880	1.49241
6881	1.47881
6882	1.47877
6883	1.47869
6884	1.47862
6885	1.47856
6886	1.4785
6887	1.47846
6888	1.47838
6889	1.47839
6890	1.47833
6891	1.48228
6892	1.48222
6893	1.48222
6894	1.48226
6895	1.48235
6896	1.48249
6897	1.48268
6898	1.48288
6899	1.48306
6900	1.48321
6901	1.48597
6902	1.48599
6903	1.48599
6904	1.48593
6905	1.48588
6906	1.48579
6907	1.48563
6908	1.4855
6909	1.48543
6910	1.48539
6911	1.48067
6912	1.4806
6913	1.48054
6914	1.48047
6915	1.48037
6916	1.48027
6917	1.48016
6918	1.48003
6919	1.47993
6920	1.47991
6921	1.48878
6922	1.48878
6923	1.48882
6924	1.48886
6925	1.48887
6926	1.48898
6927	1.48913
6928	1.48921
6929	1.4893
6930	1.48934
6931	1.47975
6932	1.47982
6933	1.47993
6934	1.48003
6935	1.48011
6936	1.48012
6937	1.48008
6938	1.48009
6939	1.4801
6940	1.48009
6941	1.47668
6942	1.47658
6943	1.47651
6944	1.47638
6945	1.47631
6946	1.47635
6947	1.47643
6948	1.47652
6949	1.47659
6950	1.47663
6951	1.4802
6952	1.48024
6953	1.48025
6954	1.48028
6955	1.48025
6956	1.48027
6957	1.4803
6958	1.48032
6959	1.48033
6960	1.48036
6961	1.47953
6962	1.47957
6963	1.47964
6964	1.47968
6965	1.47968
6966	1.47968
6967	1.47964
6968	1.47957
6969	1.47952
6970	1.47946
6971	1.47159
6972	1.47158
6973	1.47162
6974	1.47166
6975	1.4717
6976	1.47174
6977	1.47175
6978	1.47176
6979	1.47177
6980	1.47177
6981	1.46555
6982	1.46563
6983	1.46577
6984	1.46586
6985	1.46599
6986	1.46609
6987	1.46616
6988	1.46619
6989	1.46623
6990	1.46633
6991	1.46969
6992	1.46972
6993	1.46976
6994	1.46979
6995	1.46979
6996	1.46978
6997	1.4698
6998	1.46982
6999	1.46979
7000	1.4698
7001	1.46226
7002	1.4622
7003	1.46216
7004	1.46213
7005	1.46203
7006	1.46193
7007	1.4619
7008	1.4619
7009	1.46188
7010	1.46187
7011	1.47318
7012	1.47312
7013	1.473
7014	1.47295
7015	1.47287
7016	1.47282
7017	1.47265
7018	1.47248
7019	1.47244
7020	1.4725
7021	1.4719
7022	1.4721
7023	1.47215
7024	1.47208
7025	1.47191
7026	1.47185
7027	1.47195
7028	1.47215
7029	1.47231
7030	1.47241
7031	1.45939
7032	1.45927
7033	1.4591
7034	1.45891
7035	1.45873
7036	1.45867
7037	1.45869
7038	1.4587
7039	1.45864
7040	1.45856
7041	1.46712
7042	1.46711
7043	1.46708
7044	1.46705
7045	1.46697
7046	1.46682
7047	1.46668
7048	1.46656
7049	1.46644
7050	1.46644
7051	1.46274
7052	1.46277
7053	1.4628
7054	1.46283
7055	1.46288
7056	1.46297
7057	1.46304
7058	1.46313
7059	1.46319
7060	1.46329
7061	1.47084
7062	1.47091
7063	1.47098
7064	1.47101
7065	1.47101
7066	1.47109
7067	1.4711
7068	1.47109
7069	1.47112
7070	1.4711
7071	1.46358
7072	1.46358
7073	1.46364
7074	1.46367
7075	1.46367
7076	1.46367
7077	1.46368
7078	1.46366
7079	1.46361
7080	1.46358
7081	1.46576
7082	1.46578
7083	1.46579
7084	1.46582
7085	1.46587
7086	1.4659
7087	1.4659
7088	1.46588
7089	1.46593
7090	1.46603
7091	1.47056
7092	1.47056
7093	1.47054
7094	1.4706
7095	1.47065
7096	1.47064
7097	1.47067
7098	1.47067
7099	1.47062
7100	1.47059
7101	1.46097
7102	1.46095
7103	1.46098
7104	1.46102
7105	1.46106
7106	1.46113
7107	1.46122
7108	1.46131
7109	1.46141
7110	1.46154
7111	1.46702
7112	1.46708
7113	1.46713
7114	1.46719
7115	1.46725
7116	1.46732
7117	1.4674
7118	1.46749
7119	1.46761
7120	1.46771
7121	1.46127
7122	1.46135
7123	1.46141
7124	1.46148
7125	1.46156
7126	1.46159
7127	1.46159
7128	1.4616
7129	1.46163
7130	1.46169
7131	1.46328
7132	1.46332
7133	1.46331
7134	1.46326
7135	1.46325
7136	1.46321
7137	1.46317
7138	1.46318
7139	1.46319
7140	1.46316
7141	1.471
7142	1.47095
7143	1.47087
7144	1.47081
7145	1.47076
7146	1.47065
7147	1.47055
7148	1.47048
7149	1.47045
7150	1.47042
7151	1.45947
7152	1.45943
7153	1.45941
7154	1.45944
7155	1.45956
7156	1.45969
7157	1.45975
7158	1.45979
7159	1.45974
7160	1.45964
7161	1.46643
7162	1.4663
7163	1.46613
7164	1.46604
7165	1.46599
7166	1.46592
7167	1.46586
7168	1.46584
7169	1.46584
7170	1.46585
7171	1.45267
7172	1.4526
7173	1.45256
7174	1.4525
7175	1.45249
7176	1.45254
7177	1.45252
7178	1.45253
7179	1.45251
7180	1.45249
7181	1.46767
7182	1.46763
7183	1.46764
7184	1.46765
7185	1.46773
7186	1.4678
7187	1.4679
7188	1.46794
7189	1.46793
7190	1.46792
7191	1.46173
7192	1.4617
7193	1.46169
7194	1.46171
7195	1.46177
7196	1.46189
7197	1.46202
7198	1.46218
7199	1.46234
7200	1.46252
7201	1.46601
7202	1.46599
7203	1.46593
7204	1.46583
7205	1.46568
7206	1.46554
7207	1.46543
7208	1.4653
7209	1.46516
7210	1.46502
7211	1.46915
7212	1.46903
7213	1.46903
7214	1.46904
7215	1.46905
7216	1.46895
7217	1.46884
7218	1.46872
7219	1.4686
7220	1.46846
7221	1.45216
7222	1.45202
7223	1.45198
7224	1.45193
7225	1.45189
7226	1.45183
7227	1.45178
7228	1.4518
7229	1.45193
7230	1.45205
7231	1.47266
7232	1.4728
7233	1.47297
7234	1.47315
7235	1.47328
7236	1.47342
7237	1.47352
7238	1.47358
7239	1.47356
7240	1.47355
7241	1.46481
7242	1.46483
7243	1.46483
7244	1.46484
7245	1.46484
7246	1.46481
7247	1.46477
7248	1.46471
7249	1.46467
7250	1.46461
7251	1.45822
7252	1.45814
7253	1.45805
7254	1.45796
7255	1.45784
7256	1.45774
7257	1.45766
7258	1.45761
7259	1.45762
7260	1.45767
7261	1.44051
7262	1.44057
7263	1.44065
7264	1.44074
7265	1.44078
7266	1.44081
7267	1.4408
7268	1.44079
7269	1.44078
7270	1.44075
7271	1.44866
7272	1.4487
7273	1.44877
7274	1.44894
7275	1.44917
7276	1.44939
7277	1.44953
7278	1.44959
7279	1.44955
7280	1.44948
7281	1.45907
7282	1.45907
7283	1.45914
7284	1.45916
7285	1.45912
7286	1.45906
7287	1.45905
7288	1.45904
7289	1.45902
7290	1.45903
7291	1.44395
7292	1.44394
7293	1.44387
7294	1.44384
7295	1.44384
7296	1.44387
7297	1.44398
7298	1.44414
7299	1.44427
7300	1.44434
7301	1.43987
7302	1.43987
7303	1.43995
7304	1.44005
7305	1.44019
7306	1.44025
7307	1.44029
7308	1.44026
7309	1.44026
7310	1.44031
7311	1.46429
7312	1.46435
7313	1.46445
7314	1.46451
7315	1.46456
7316	1.46458
7317	1.46457
7318	1.4646
7319	1.46455
7320	1.46457
7321	1.45978
7322	1.45974
7323	1.45971
7324	1.45971
7325	1.4597
7326	1.45967
7327	1.45959
7328	1.45955
7329	1.45949
7330	1.45934
7331	1.46187
7332	1.46179
7333	1.46184
7334	1.46193
7335	1.46208
7336	1.46229
7337	1.46252
7338	1.46268
7339	1.46278
7340	1.4629
7341	1.45532
7342	1.45532
7343	1.4553
7344	1.45528
7345	1.45525
7346	1.45523
7347	1.45518
7348	1.45511
7349	1.45503
7350	1.45499
7351	1.44216
7352	1.44217
7353	1.44216
7354	1.44221
7355	1.44226
7356	1.44228
7357	1.44229
7358	1.44236
7359	1.44244
7360	1.44254
7361	1.46411
7362	1.4643
7363	1.46443
7364	1.46454
7365	1.46462
7366	1.46467
7367	1.46468
7368	1.4647
7369	1.46473
7370	1.46478
7371	1.4638
7372	1.46382
7373	1.46385
7374	1.4639
7375	1.4639
7376	1.46385
7377	1.46376
7378	1.46363
7379	1.46348
7380	1.46339
7381	1.45218
7382	1.45219
7383	1.45222
7384	1.45231
7385	1.4525
7386	1.45268
7387	1.45284
7388	1.45295
7389	1.45308
7390	1.45317
7391	1.46768
7392	1.46773
7393	1.46773
7394	1.46771
7395	1.46772
7396	1.46772
7397	1.46765
7398	1.46755
7399	1.46742
7400	1.46731
7401	1.46221
7402	1.46212
7403	1.462
7404	1.46186
7405	1.46172
7406	1.46155
7407	1.46141
7408	1.46123
7409	1.46106
7410	1.46088
7411	1.45946
7412	1.45929
7413	1.45913
7414	1.45906
7415	1.45913
7416	1.45923
7417	1.45937
7418	1.45948
7419	1.45958
7420	1.45963
7421	1.46252
7422	1.46257
7423	1.46257
7424	1.46256
7425	1.46251
7426	1.46243
7427	1.46237
7428	1.46231
7429	1.46223
7430	1.46216
7431	1.46698
7432	1.46687
7433	1.4667
7434	1.46657
7435	1.46648
7436	1.46641
7437	1.46641
7438	1.46639
7439	1.46636
7440	1.46639
7441	1.46398
7442	1.46398
7443	1.46405
7444	1.46414
7445	1.46424
7446	1.46439
7447	1.46456
7448	1.46475
7449	1.4649
7450	1.46502
7451	1.46581
7452	1.46597
7453	1.46606
7454	1.46615
7455	1.46615
7456	1.46617
7457	1.46622
7458	1.46628
7459	1.46633
7460	1.46641
7461	1.46341
7462	1.46347
7463	1.46352
7464	1.46356
7465	1.46361
7466	1.4636
7467	1.46359
7468	1.4636
7469	1.46356
7470	1.46349
7471	1.44917
7472	1.44906
7473	1.44895
7474	1.44886
7475	1.44879
7476	1.44869
7477	1.44862
7478	1.44862
7479	1.4486
7480	1.44862
7481	1.46417
7482	1.46413
7483	1.46409
7484	1.46409
7485	1.46398
7486	1.4639
7487	1.46386
7488	1.46384
7489	1.46386
7490	1.4639
7491	1.45448
7492	1.4545
7493	1.45452
7494	1.45449
7495	1.45444
7496	1.45436
7497	1.45428
7498	1.45417
7499	1.45409
7500	1.45406
7501	1.45214
7502	1.45219
7503	1.45222
7504	1.45222
7505	1.45217
7506	1.4521
7507	1.45209
7508	1.45203
7509	1.45197
7510	1.45199
7511	1.45501
7512	1.45499
7513	1.45497
7514	1.45495
7515	1.45487
7516	1.45488
7517	1.45486
7518	1.4549
7519	1.45495
7520	1.45499
7521	1.46175
7522	1.46177
7523	1.46183
7524	1.46192
7525	1.46199
7526	1.46208
7527	1.46216
7528	1.46227
7529	1.46238
7530	1.46246
7531	1.45573
7532	1.45578
7533	1.4559
7534	1.45608
7535	1.45625
7536	1.45634
7537	1.45641
7538	1.45646
7539	1.45651
7540	1.45655
7541	1.45482
7542	1.45482
7543	1.45482
7544	1.4548
7545	1.45482
7546	1.45485
7547	1.45486
7548	1.45486
7549	1.45482
7550	1.45474
7551	1.46939
7552	1.46936
7553	1.46931
7554	1.46926
7555	1.46913
7556	1.46901
7557	1.46888
7558	1.46876
7559	1.46866
7560	1.46851
7561	1.45679
7562	1.45668
7563	1.45662
7564	1.45654
7565	1.4565
7566	1.4565
7567	1.45656
7568	1.45663
7569	1.45667
7570	1.4567
7571	1.45856
7572	1.45851
7573	1.45842
7574	1.45835
7575	1.45824
7576	1.45815
7577	1.45811
7578	1.45806
7579	1.45797
7580	1.45784
7581	1.45298
7582	1.45289
7583	1.45279
7584	1.45272
7585	1.45271
7586	1.45272
7587	1.45271
7588	1.45272
7589	1.45267
7590	1.45258
7591	1.46614
7592	1.46606
7593	1.46601
7594	1.46595
7595	1.46592
7596	1.46586
7597	1.46581
7598	1.46574
7599	1.46564
7600	1.46554
7601	1.46834
7602	1.46831
7603	1.46827
7604	1.46824
7605	1.46817
7606	1.46813
7607	1.46808
7608	1.46803
7609	1.46796
7610	1.46796
7611	1.46479
7612	1.46473
7613	1.46464
7614	1.46465
7615	1.46469
7616	1.46479
7617	1.46484
7618	1.46494
7619	1.46501
7620	1.46501
7621	1.47129
7622	1.47129
7623	1.47131
7624	1.47138
7625	1.47143
7626	1.47151
7627	1.47161
7628	1.47174
7629	1.47188
7630	1.47206
7631	1.46931
7632	1.46945
7633	1.46953
7634	1.46952
7635	1.46948
7636	1.46945
7637	1.46947
7638	1.46948
7639	1.46945
7640	1.46938
7641	1.47897
7642	1.47888
7643	1.47875
7644	1.47862
7645	1.47853
7646	1.47847
7647	1.4785
7648	1.47856
7649	1.47872
7650	1.47886
7651	1.47511
7652	1.47521
7653	1.47523
7654	1.47517
7655	1.47513
7656	1.47506
7657	1.47502
7658	1.47502
7659	1.47498
7660	1.47489
7661	1.4826
7662	1.48252
7663	1.48246
7664	1.48246
7665	1.48243
7666	1.48251
7667	1.48262
7668	1.48271
7669	1.48282
7670	1.483
7671	1.46877
7672	1.4689
7673	1.46902
7674	1.46906
7675	1.46904
7676	1.46902
7677	1.46896
7678	1.46888
7679	1.46881
7680	1.46873
7681	1.47063
7682	1.47056
7683	1.47047
7684	1.47038
7685	1.47031
7686	1.47026
7687	1.47029
7688	1.47023
7689	1.47015
7690	1.47008
7691	1.46938
7692	1.46933
7693	1.46934
7694	1.46948
7695	1.46966
7696	1.46982
7697	1.46996
7698	1.47006
7699	1.47013
7700	1.47023
7701	1.45955
7702	1.45976
7703	1.45998
7704	1.46019
7705	1.46033
7706	1.46042
7707	1.46052
7708	1.46057
7709	1.46054
7710	1.46049
7711	1.46293
7712	1.46296
7713	1.463
7714	1.46308
7715	1.46312
7716	1.46319
7717	1.46322
7718	1.46331
7719	1.46343
7720	1.46357
7721	1.45493
7722	1.45491
7723	1.4548
7724	1.45474
7725	1.4547
7726	1.45465
7727	1.45459
7728	1.45458
7729	1.45451
7730	1.45446
7731	1.45332
7732	1.45328
7733	1.45331
7734	1.45332
7735	1.45333
7736	1.45347
7737	1.45357
7738	1.45373
7739	1.45384
7740	1.4539
7741	1.46366
7742	1.46362
7743	1.46359
7744	1.46353
7745	1.46342
7746	1.46339
7747	1.46334
7748	1.46331
7749	1.46327
7750	1.46322
7751	1.45002
7752	1.45003
7753	1.45008
7754	1.45011
7755	1.45017
7756	1.45021
7757	1.45029
7758	1.45035
7759	1.45036
7760	1.45036
7761	1.45868
7762	1.45869
7763	1.45867
7764	1.45865
7765	1.45863
7766	1.45862
7767	1.45855
7768	1.45841
7769	1.45831
7770	1.45822
7771	1.45338
7772	1.45324
7773	1.45318
7774	1.45313
7775	1.4531
7776	1.45309
7777	1.4531
7778	1.45311
7779	1.45315
7780	1.45314
7781	1.44685
7782	1.44687
7783	1.44693
7784	1.44692
7785	1.44694
7786	1.44697
7787	1.44695
7788	1.44695
7789	1.44697
7790	1.44706
7791	1.45629
7792	1.45634
7793	1.45638
7794	1.45645
7795	1.45652
7796	1.45658
7797	1.45664
7798	1.45668
7799	1.45672
7800	1.45675
7801	1.44806
7802	1.44805
7803	1.448
7804	1.44797
7805	1.44793
7806	1.44786
7807	1.44773
7808	1.44763
7809	1.44753
7810	1.44741
7811	1.45686
7812	1.45681
7813	1.45678
7814	1.45678
7815	1.45673
7816	1.45674
7817	1.45673
7818	1.45674
7819	1.45671
7820	1.45668
7821	1.46511
7822	1.46499
7823	1.46485
7824	1.46475
7825	1.46466
7826	1.46461
7827	1.46457
7828	1.46452
7829	1.46449
7830	1.46449
7831	1.45246
7832	1.4524
7833	1.45232
7834	1.4522
7835	1.45209
7836	1.45196
7837	1.45185
7838	1.45173
7839	1.45159
7840	1.45147
7841	1.46213
7842	1.46213
7843	1.46217
7844	1.46221
7845	1.46231
7846	1.46239
7847	1.46246
7848	1.46256
7849	1.46268
7850	1.46282
7851	1.45829
7852	1.45836
7853	1.4584
7854	1.45842
7855	1.4584
7856	1.45841
7857	1.45841
7858	1.45848
7859	1.45862
7860	1.45872
7861	1.46311
7862	1.46323
7863	1.46339
7864	1.46353
7865	1.46371
7866	1.46393
7867	1.46421
7868	1.46437
7869	1.46457
7870	1.46472
7871	1.46314
7872	1.46317
7873	1.46316
7874	1.4631
7875	1.46302
7876	1.46294
7877	1.46287
7878	1.46279
7879	1.46266
7880	1.46261
7881	1.47336
7882	1.4734
7883	1.47341
7884	1.4734
7885	1.47337
7886	1.4733
7887	1.4733
7888	1.47331
7889	1.47336
7890	1.47338
7891	1.4657
7892	1.46574
7893	1.46575
7894	1.46578
7895	1.46576
7896	1.4657
7897	1.46569
7898	1.46564
7899	1.46558
7900	1.46557
7901	1.46632
7902	1.46634
7903	1.46636
7904	1.46638
7905	1.46633
7906	1.46622
7907	1.46606
7908	1.46587
7909	1.4657
7910	1.46559
7911	1.46681
7912	1.46678
7913	1.46676
7914	1.46675
7915	1.46682
7916	1.46686
7917	1.46692
7918	1.46693
7919	1.46694
7920	1.46691
7921	1.45849
7922	1.45843
7923	1.45844
7924	1.45845
7925	1.4584
7926	1.45832
7927	1.45822
7928	1.45814
7929	1.45807
7930	1.45803
7931	1.46386
7932	1.46388
7933	1.46393
7934	1.46398
7935	1.46402
7936	1.4641
7937	1.4642
7938	1.46426
7939	1.46426
7940	1.4642
7941	1.45596
7942	1.4559
7943	1.45587
7944	1.4558
7945	1.45577
7946	1.45572
7947	1.45571
7948	1.45572
7949	1.45576
7950	1.4558
7951	1.46102
7952	1.46106
7953	1.4611
7954	1.46114
7955	1.46113
7956	1.46112
7957	1.46112
7958	1.4611
7959	1.46105
7960	1.46102
7961	1.45991
7962	1.45992
7963	1.45994
7964	1.45996
7965	1.46001
7966	1.46008
7967	1.46013
7968	1.46014
7969	1.46017
7970	1.46019
7971	1.45793
7972	1.458
7973	1.45815
7974	1.45828
7975	1.45841
7976	1.4584
7977	1.45838
7978	1.45832
7979	1.45822
7980	1.45811
7981	1.45705
7982	1.45696
7983	1.45691
7984	1.45701
7985	1.45721
7986	1.45742
7987	1.45764
7988	1.45783
7989	1.45794
7990	1.45803
7991	1.45573
7992	1.45573
7993	1.45576
7994	1.45575
7995	1.45581
7996	1.45584
7997	1.45584
7998	1.45579
7999	1.45573
8000	1.45565
8001	1.45667
8002	1.45655
8003	1.45645
8004	1.45634
8005	1.45627
8006	1.4562
8007	1.45615
8008	1.45607
8009	1.45601
8010	1.45601
8011	1.44993
8012	1.45012
8013	1.45026
8014	1.45038
8015	1.45051
8016	1.45063
8017	1.45072
8018	1.45081
8019	1.45088
8020	1.45095
8021	1.45006
8022	1.45008
8023	1.45012
8024	1.45017
8025	1.4502
8026	1.45022
8027	1.4502
8028	1.45013
8029	1.45003
8030	1.44988
8031	1.46276
8032	1.46265
8033	1.46258
8034	1.46255
8035	1.46257
8036	1.46266
8037	1.46275
8038	1.46282
8039	1.46286
8040	1.46287
8041	1.46069
8042	1.4606
8043	1.46049
8044	1.46039
8045	1.46032
8046	1.46028
8047	1.46026
8048	1.46027
8049	1.46037
8050	1.46044
8051	1.4605
8052	1.46057
8053	1.46058
8054	1.46062
8055	1.46062
8056	1.46058
8057	1.46053
8058	1.46052
8059	1.46056
8060	1.46062
8061	1.45608
8062	1.45607
8063	1.45604
8064	1.45605
8065	1.45611
8066	1.45609
8067	1.45603
8068	1.45596
8069	1.45595
8070	1.45589
8071	1.46543
8072	1.46544
8073	1.46547
8074	1.46559
8075	1.4657
8076	1.46578
8077	1.46583
8078	1.46583
8079	1.46574
8080	1.46567
8081	1.46452
8082	1.46437
8083	1.4642
8084	1.46405
8085	1.46386
8086	1.46373
8087	1.46364
8088	1.46363
8089	1.46362
8090	1.46358
8091	1.46285
8092	1.46268
8093	1.46253
8094	1.46238
8095	1.46229
8096	1.46227
8097	1.46232
8098	1.46243
8099	1.46263
8100	1.46285
8101	1.45701
8102	1.45719
8103	1.45732
8104	1.45742
8105	1.45752
8106	1.45761
8107	1.45768
8108	1.4577
8109	1.45768
8110	1.45764
8111	1.46132
8112	1.46122
8113	1.46117
8114	1.46112
8115	1.46112
8116	1.46116
8117	1.46122
8118	1.4613
8119	1.46137
8120	1.46143
8121	1.45289
8122	1.45289
8123	1.45284
8124	1.45275
8125	1.45265
8126	1.4526
8127	1.45259
8128	1.4526
8129	1.45257
8130	1.45256
8131	1.45928
8132	1.4592
8133	1.45911
8134	1.45902
8135	1.459
8136	1.45905
8137	1.45921
8138	1.45935
8139	1.45942
8140	1.45951
8141	1.46574
8142	1.46581
8143	1.46578
8144	1.46574
8145	1.46568
8146	1.46559
8147	1.46547
8148	1.4653
8149	1.46513
8150	1.46496
8151	1.46147
8152	1.46132
8153	1.46127
8154	1.46129
8155	1.46141
8156	1.46156
8157	1.46167
8158	1.46174
8159	1.46181
8160	1.46191
8161	1.45677
8162	1.45683
8163	1.45688
8164	1.45698
8165	1.45706
8166	1.45708
8167	1.45709
8168	1.45704
8169	1.45697
8170	1.45686
8171	1.44956
8172	1.44948
8173	1.44938
8174	1.44928
8175	1.44925
8176	1.4492
8177	1.44918
8178	1.44911
8179	1.449
8180	1.44887
8181	1.45918
8182	1.45909
8183	1.45908
8184	1.45914
8185	1.45921
8186	1.4593
8187	1.45941
8188	1.45953
8189	1.45962
8190	1.45968
8191	1.45301
8192	1.45309
8193	1.45317
8194	1.45327
8195	1.45346
8196	1.45359
8197	1.45376
8198	1.45384
8199	1.45393
8200	1.45399
8201	1.46306
8202	1.46319
8203	1.46332
8204	1.46342
8205	1.46348
8206	1.46353
8207	1.46357
8208	1.46359
8209	1.46354
8210	1.46343
8211	1.46362
8212	1.46347
8213	1.46332
8214	1.46317
8215	1.46298
8216	1.46283
8217	1.46266
8218	1.46244
8219	1.46221
8220	1.46196
8221	1.45595
8222	1.4559
8223	1.4559
8224	1.45595
8225	1.45596
8226	1.45598
8227	1.45596
8228	1.4559
8229	1.45582
8230	1.45573
8231	1.45268
8232	1.45269
8233	1.45272
8234	1.45276
8235	1.45284
8236	1.45295
8237	1.45304
8238	1.45303
8239	1.45308
8240	1.45314
8241	1.45113
8242	1.45115
8243	1.45115
8244	1.45106
8245	1.45091
8246	1.45078
8247	1.45068
8248	1.45057
8249	1.45044
8250	1.45037
8251	1.46791
8252	1.46781
8253	1.46771
8254	1.46762
8255	1.46757
8256	1.46749
8257	1.46742
8258	1.46742
8259	1.4674
8260	1.46746
8261	1.4666
8262	1.46668
8263	1.46681
8264	1.46695
8265	1.46709
8266	1.46716
8267	1.46724
8268	1.46726
8269	1.46727
8270	1.46729
8271	1.48475
8272	1.48478
8273	1.4848
8274	1.48485
8275	1.48491
8276	1.48495
8277	1.48496
8278	1.48493
8279	1.48488
8280	1.48493
8281	1.47725
8282	1.47728
8283	1.47735
8284	1.47742
8285	1.47748
8286	1.47752
8287	1.47756
8288	1.47753
8289	1.47747
8290	1.47745
8291	1.48186
8292	1.48184
8293	1.48186
8294	1.48185
8295	1.48187
8296	1.4818
8297	1.48177
8298	1.48171
8299	1.48167
8300	1.48161
8301	1.47453
8302	1.47444
8303	1.47432
8304	1.47421
8305	1.47415
8306	1.47412
8307	1.4741
8308	1.47416
8309	1.47425
8310	1.47426
8311	1.46998
8312	1.47004
8313	1.47003
8314	1.47001
8315	1.46997
8316	1.46989
8317	1.46984
8318	1.46978
8319	1.46974
8320	1.46976
8321	1.45342
8322	1.45344
8323	1.45344
8324	1.4534
8325	1.45336
8326	1.45335
8327	1.45339
8328	1.45342
8329	1.45342
8330	1.45345
8331	1.45702
8332	1.45708
8333	1.45714
8334	1.4572
8335	1.4572
8336	1.45725
8337	1.45726
8338	1.45722
8339	1.45713
8340	1.45702
8341	1.45713
8342	1.457
8343	1.45687
8344	1.45677
8345	1.45674
8346	1.45675
8347	1.45691
8348	1.45705
8349	1.45721
8350	1.45736
8351	1.45904
8352	1.45909
8353	1.45914
8354	1.4591
8355	1.45908
8356	1.45907
8357	1.45913
8358	1.45916
8359	1.45916
8360	1.45921
8361	1.45883
8362	1.45887
8363	1.45895
8364	1.45902
8365	1.45908
8366	1.45913
8367	1.45918
8368	1.4592
8369	1.45921
8370	1.45919
8371	1.45404
8372	1.45401
8373	1.45401
8374	1.45403
8375	1.45401
8376	1.45399
8377	1.45397
8378	1.45393
8379	1.45388
8380	1.45382
8381	1.45141
8382	1.45137
8383	1.45135
8384	1.45132
8385	1.45127
8386	1.45117
8387	1.45107
8388	1.45095
8389	1.45084
8390	1.45074
8391	1.45875
8392	1.45861
8393	1.45847
8394	1.45832
8395	1.45811
8396	1.45796
8397	1.45787
8398	1.45786
8399	1.45797
8400	1.4581
8401	1.45391
8402	1.45403
8403	1.45417
8404	1.4543
8405	1.45446
8406	1.45468
8407	1.45489
8408	1.45514
8409	1.45532
8410	1.45543
8411	1.4612
8412	1.46126
8413	1.46125
8414	1.46122
8415	1.46119
8416	1.46116
8417	1.46111
8418	1.46112
8419	1.46108
8420	1.46104
8421	1.47074
8422	1.47076
8423	1.47079
8424	1.47084
8425	1.47084
8426	1.47077
8427	1.47062
8428	1.47046
8429	1.47023
8430	1.46997
8431	1.45862
8432	1.45842
8433	1.45822
8434	1.45806
8435	1.45789
8436	1.45774
8437	1.45765
8438	1.4576
8439	1.45757
8440	1.45762
8441	1.45612
8442	1.45622
8443	1.45631
8444	1.45641
8445	1.45649
8446	1.45655
8447	1.4566
8448	1.45667
8449	1.45674
8450	1.45687
8451	1.43812
8452	1.43825
8453	1.43841
8454	1.43855
8455	1.43859
8456	1.43862
8457	1.43865
8458	1.43866
8459	1.43867
8460	1.43872
8461	1.44531
8462	1.44539
8463	1.44548
8464	1.4456
8465	1.44578
8466	1.44598
8467	1.44614
8468	1.44623
8469	1.44628
8470	1.44628
8471	1.44692
8472	1.44686
8473	1.44678
8474	1.44667
8475	1.4465
8476	1.44637
8477	1.44622
8478	1.44606
8479	1.44584
8480	1.44566
8481	1.45244
8482	1.45243
8483	1.45246
8484	1.45253
8485	1.4526
8486	1.45262
8487	1.45266
8488	1.45268
8489	1.45271
8490	1.45275
8491	1.45405
8492	1.4541
8493	1.45414
8494	1.45416
8495	1.45417
8496	1.45416
8497	1.45409
8498	1.454
8499	1.45394
8500	1.45388
8501	1.4438
8502	1.44375
8503	1.44369
8504	1.4437
8505	1.44373
8506	1.44376
8507	1.44392
8508	1.44409
8509	1.44422
8510	1.44432
8511	1.4524
8512	1.45249
8513	1.45259
8514	1.45264
8515	1.45269
8516	1.45272
8517	1.45272
8518	1.45264
8519	1.45257
8520	1.45246
8521	1.44989
8522	1.44981
8523	1.4497
8524	1.44966
8525	1.44963
8526	1.44967
8527	1.44974
8528	1.4498
8529	1.44982
8530	1.44986
8531	1.4505
8532	1.4506
8533	1.45068
8534	1.45072
8535	1.45071
8536	1.45071
8537	1.45067
8538	1.4506
8539	1.45054
8540	1.45053
8541	1.4432
8542	1.44325
8543	1.44328
8544	1.44336
8545	1.44351
8546	1.44367
8547	1.44384
8548	1.44396
8549	1.44407
8550	1.44419
8551	1.44537
8552	1.44546
8553	1.4455
8554	1.44553
8555	1.4456
8556	1.44569
8557	1.44588
8558	1.44601
8559	1.44616
8560	1.4462
8561	1.45222
8562	1.45219
8563	1.45205
8564	1.45191
8565	1.45177
8566	1.45164
8567	1.45153
8568	1.45146
8569	1.45154
8570	1.45158
8571	1.4517
8572	1.45169
8573	1.45164
8574	1.45157
8575	1.45157
8576	1.45157
8577	1.45156
8578	1.45151
8579	1.45151
8580	1.45151
8581	1.44787
8582	1.44788
8583	1.44788
8584	1.44791
8585	1.44791
8586	1.44789
8587	1.44788
8588	1.44783
8589	1.44774
8590	1.44768
8591	1.44982
8592	1.44983
8593	1.44988
8594	1.44991
8595	1.44988
8596	1.44987
8597	1.4498
8598	1.44972
8599	1.44967
8600	1.44966
8601	1.43303
8602	1.43299
8603	1.43289
8604	1.43284
8605	1.43278
8606	1.43272
8607	1.43263
8608	1.43252
8609	1.4324
8610	1.43228
8611	1.4413
8612	1.44126
8613	1.44125
8614	1.44126
8615	1.44139
8616	1.44161
8617	1.44188
8618	1.44214
8619	1.44237
8620	1.44257
8621	1.44164
8622	1.44184
8623	1.44199
8624	1.44206
8625	1.44212
8626	1.44217
8627	1.4422
8628	1.44218
8629	1.44207
8630	1.44196
8631	1.44242
8632	1.44234
8633	1.4422
8634	1.44205
8635	1.44187
8636	1.44168
8637	1.44145
8638	1.44131
8639	1.44118
8640	1.44103
8641	1.4507
8642	1.45058
8643	1.45056
8644	1.45055
8645	1.45065
8646	1.45077
8647	1.45091
8648	1.45101
8649	1.4511
8650	1.45114
8651	1.44302
8652	1.44303
8653	1.44307
8654	1.4431
8655	1.44311
8656	1.44312
8657	1.44315
8658	1.44321
8659	1.44323
8660	1.44319
8661	1.43751
8662	1.43751
8663	1.43746
8664	1.43734
8665	1.43718
8666	1.43697
8667	1.43682
8668	1.43661
8669	1.43641
8670	1.43624
8671	1.4419
8672	1.44178
8673	1.44171
8674	1.44168
8675	1.44168
8676	1.44175
8677	1.4419
8678	1.44211
8679	1.44232
8680	1.44246
8681	1.45316
8682	1.45318
8683	1.45316
8684	1.45316
8685	1.45307
8686	1.45304
8687	1.45295
8688	1.45292
8689	1.45293
8690	1.45291
8691	1.44317
8692	1.44322
8693	1.44327
8694	1.44337
8695	1.44349
8696	1.44359
8697	1.44369
8698	1.44386
8699	1.44398
8700	1.44406
8701	1.45624
8702	1.45629
8703	1.45639
8704	1.45647
8705	1.45648
8706	1.4565
8707	1.45654
8708	1.45656
8709	1.45658
8710	1.45655
8711	1.4467
8712	1.44656
8713	1.44645
8714	1.44632
8715	1.44623
8716	1.44613
8717	1.44606
8718	1.44599
8719	1.44598
8720	1.44602
8721	1.44287
8722	1.44296
8723	1.44307
8724	1.44321
8725	1.44335
8726	1.44343
8727	1.44343
8728	1.44336
8729	1.44326
8730	1.44311
8731	1.43987
8732	1.43976
8733	1.43965
8734	1.43959
8735	1.43956
8736	1.43954
8737	1.43955
8738	1.43955
8739	1.43958
8740	1.43964
8741	1.46403
8742	1.46409
8743	1.46419
8744	1.46428
8745	1.46436
8746	1.46445
8747	1.4645
8748	1.46459
8749	1.46464
8750	1.4647
8751	1.44583
8752	1.44597
8753	1.44608
8754	1.44615
8755	1.44621
8756	1.44623
8757	1.44616
8758	1.4461
8759	1.44605
8760	1.44592
8761	1.45431
8762	1.45423
8763	1.45413
8764	1.45407
8765	1.45405
8766	1.45401
8767	1.45397
8768	1.45392
8769	1.4539
8770	1.4539
8771	1.44774
8772	1.44775
8773	1.4478
8774	1.44779
8775	1.44774
8776	1.4477
8777	1.4477
8778	1.44763
8779	1.44752
8780	1.44743
8781	1.43227
8782	1.4322
8783	1.43212
8784	1.43204
8785	1.43205
8786	1.43208
8787	1.43213
8788	1.43218
8789	1.4322
8790	1.43221
8791	1.45685
8792	1.45683
8793	1.45682
8794	1.4568
8795	1.4568
8796	1.45676
8797	1.45673
8798	1.45672
8799	1.45666
8800	1.45661
8801	1.45989
8802	1.4599
8803	1.45992
8804	1.45995
8805	1.46003
8806	1.46014
8807	1.46025
8808	1.46036
8809	1.46046
8810	1.46058
8811	1.44388
8812	1.44399
8813	1.4441
8814	1.44423
8815	1.44431
8816	1.44436
8817	1.44439
8818	1.44448
8819	1.44454
8820	1.44457
8821	1.45697
8822	1.45706
8823	1.4571
8824	1.45718
8825	1.45726
8826	1.45732
8827	1.45741
8828	1.4575
8829	1.45756
8830	1.45756
8831	1.45816
8832	1.4581
8833	1.458
8834	1.45783
8835	1.45761
8836	1.45743
8837	1.45724
8838	1.45701
8839	1.4568
8840	1.45666
8841	1.45677
8842	1.45665
8843	1.4566
8844	1.45659
8845	1.45661
8846	1.45665
8847	1.45668
8848	1.45677
8849	1.45682
8850	1.45686
8851	1.44801
8852	1.44805
8853	1.44806
8854	1.44806
8855	1.44806
8856	1.44804
8857	1.44808
8858	1.44814
8859	1.44818
8860	1.44817
8861	1.44346
8862	1.44346
8863	1.44351
8864	1.44357
8865	1.4436
8866	1.44361
8867	1.44361
8868	1.44361
8869	1.44359
8870	1.44359
8871	1.45739
8872	1.45747
8873	1.45748
8874	1.45746
8875	1.45746
8876	1.45755
8877	1.45766
8878	1.45778
8879	1.45791
8880	1.45808
8881	1.45771
8882	1.45779
8883	1.45784
8884	1.45788
8885	1.45791
8886	1.45789
8887	1.45785
8888	1.4578
8889	1.45775
8890	1.45773
8891	1.46404
8892	1.46402
8893	1.46411
8894	1.46419
8895	1.46418
8896	1.46416
8897	1.46407
8898	1.46393
8899	1.46382
8900	1.4637
8901	1.46762
8902	1.46756
8903	1.46753
8904	1.4675
8905	1.46746
8906	1.46741
8907	1.46736
8908	1.46736
8909	1.4673
8910	1.46724
8911	1.4491
8912	1.44914
8913	1.44917
8914	1.44921
8915	1.44922
8916	1.44925
8917	1.44924
8918	1.44924
8919	1.44923
8920	1.44925
8921	1.4518
8922	1.4518
8923	1.45174
8924	1.45165
8925	1.45155
8926	1.45155
8927	1.45153
8928	1.45152
8929	1.4516
8930	1.45171
8931	1.45612
8932	1.45618
8933	1.45621
8934	1.45623
8935	1.45621
8936	1.45621
8937	1.4562
8938	1.45623
8939	1.45618
8940	1.45615
8941	1.45715
8942	1.45712
8943	1.45705
8944	1.4569
8945	1.45673
8946	1.45656
8947	1.45634
8948	1.45609
8949	1.45588
8950	1.45573
8951	1.44483
8952	1.44474
8953	1.44465
8954	1.44461
8955	1.44459
8956	1.44463
8957	1.44467
8958	1.44464
8959	1.44467
8960	1.44478
8961	1.44498
8962	1.44516
8963	1.44535
8964	1.4456
8965	1.44585
8966	1.44616
8967	1.44645
8968	1.44675
8969	1.44709
8970	1.44736
8971	1.44859
8972	1.44877
8973	1.44889
8974	1.44894
8975	1.44894
8976	1.44888
8977	1.44886
8978	1.44883
8979	1.44878
8980	1.44869
8981	1.44115
8982	1.44103
8983	1.44092
8984	1.4409
8985	1.44091
8986	1.44096
8987	1.44101
8988	1.44105
8989	1.44105
8990	1.44108
8991	1.45571
8992	1.45575
8993	1.45573
8994	1.4557
8995	1.45569
8996	1.45575
8997	1.45572
8998	1.45566
8999	1.45557
9000	1.45549
9001	1.4549
9002	1.45478
9003	1.45465
9004	1.45448
9005	1.45429
9006	1.45406
9007	1.45383
9008	1.4536
9009	1.45336
9010	1.45317
9011	1.44461
9012	1.4444
9013	1.44428
9014	1.44427
9015	1.4444
9016	1.44459
9017	1.44478
9018	1.44498
9019	1.44517
9020	1.4454
9021	1.45701
9022	1.45721
9023	1.45731
9024	1.45739
9025	1.45746
9026	1.45763
9027	1.45776
9028	1.45785
9029	1.45795
9030	1.45797
9031	1.4552
9032	1.45529
9033	1.45535
9034	1.45537
9035	1.45543
9036	1.45549
9037	1.45551
9038	1.45553
9039	1.45553
9040	1.45553
9041	1.44732
9042	1.44729
9043	1.44724
9044	1.44719
9045	1.44713
9046	1.44706
9047	1.44704
9048	1.44699
9049	1.44698
9050	1.44694
9051	1.45108
9052	1.45108
9053	1.45103
9054	1.45094
9055	1.45085
9056	1.45072
9057	1.4507
9058	1.4507
9059	1.45071
9060	1.45073
9061	1.45582
9062	1.45588
9063	1.45599
9064	1.45601
9065	1.45604
9066	1.45608
9067	1.45609
9068	1.4561
9069	1.45606
9070	1.45605
9071	1.46037
9072	1.46036
9073	1.46036
9074	1.46037
9075	1.46041
9076	1.4604
9077	1.46034
9078	1.46026
9079	1.46015
9080	1.46007
9081	1.45866
9082	1.45865
9083	1.45867
9084	1.4587
9085	1.45873
9086	1.45877
9087	1.45875
9088	1.45883
9089	1.45893
9090	1.45898
9091	1.45947
9092	1.45949
9093	1.45947
9094	1.45945
9095	1.45942
9096	1.45938
9097	1.45928
9098	1.45921
9099	1.45916
9100	1.45914
9101	1.45462
9102	1.45456
9103	1.45443
9104	1.45426
9105	1.45408
9106	1.454
9107	1.45395
9108	1.45403
9109	1.4541
9110	1.45416
9111	1.44811
9112	1.44811
9113	1.44806
9114	1.44798
9115	1.44793
9116	1.44786
9117	1.44781
9118	1.44781
9119	1.44786
9120	1.44794
9121	1.45907
9122	1.45911
9123	1.45915
9124	1.45909
9125	1.45902
9126	1.45889
9127	1.45879
9128	1.45866
9129	1.45856
9130	1.45844
9131	1.44717
9132	1.44705
9133	1.44693
9134	1.44687
9135	1.44684
9136	1.44684
9137	1.44692
9138	1.44694
9139	1.44693
9140	1.44696
9141	1.45268
9142	1.45274
9143	1.45283
9144	1.45289
9145	1.45297
9146	1.45297
9147	1.45295
9148	1.45288
9149	1.45277
9150	1.45271
9151	1.45641
9152	1.45639
9153	1.45636
9154	1.45638
9155	1.45641
9156	1.45648
9157	1.45658
9158	1.4567
9159	1.45679
9160	1.45689
9161	1.4555
9162	1.45568
9163	1.45584
9164	1.45594
9165	1.45602
9166	1.45608
9167	1.45617
9168	1.4562
9169	1.45618
9170	1.45613
9171	1.46271
9172	1.46258
9173	1.46248
9174	1.46241
9175	1.46235
9176	1.46228
9177	1.46225
9178	1.46227
9179	1.46232
9180	1.46237
9181	1.44934
9182	1.44942
9183	1.44943
9184	1.44953
9185	1.44959
9186	1.44962
9187	1.44967
9188	1.44977
9189	1.44989
9190	1.45001
9191	1.4553
9192	1.45539
9193	1.45557
9194	1.45577
9195	1.45597
9196	1.45611
9197	1.45623
9198	1.45631
9199	1.45636
9200	1.45638
9201	1.44845
9202	1.44839
9203	1.44824
9204	1.44803
9205	1.44788
9206	1.44768
9207	1.44745
9208	1.44719
9209	1.44695
9210	1.44668
9211	1.45624
9212	1.45594
9213	1.45565
9214	1.4554
9215	1.45511
9216	1.45481
9217	1.45453
9218	1.45428
9219	1.45408
9220	1.45388
9221	1.46029
9222	1.46017
9223	1.46008
9224	1.46013
9225	1.46015
9226	1.46017
9227	1.46025
9228	1.46033
9229	1.46046
9230	1.46061
9231	1.45542
9232	1.45558
9233	1.4557
9234	1.45575
9235	1.45575
9236	1.45572
9237	1.45567
9238	1.45563
9239	1.45559
9240	1.45556
9241	1.45323
9242	1.45319
9243	1.45316
9244	1.45312
9245	1.45308
9246	1.45302
9247	1.45297
9248	1.45287
9249	1.45275
9250	1.45264
9251	1.45929
9252	1.45911
9253	1.45895
9254	1.45886
9255	1.45884
9256	1.45886
9257	1.45894
9258	1.45906
9259	1.45916
9260	1.45928
9261	1.45543
9262	1.45558
9263	1.45572
9264	1.45586
9265	1.45603
9266	1.45624
9267	1.45643
9268	1.45656
9269	1.45661
9270	1.45666
9271	1.46867
9272	1.46871
9273	1.46871
9274	1.46869
9275	1.46866
9276	1.46854
9277	1.46839
9278	1.46827
9279	1.4682
9280	1.46809
9281	1.46684
9282	1.46672
9283	1.46663
9284	1.46669
9285	1.4669
9286	1.46713
9287	1.46731
9288	1.46737
9289	1.46743
9290	1.4674
9291	1.46269
9292	1.46267
9293	1.46262
9294	1.46257
9295	1.46255
9296	1.46247
9297	1.46241
9298	1.46233
9299	1.46222
9300	1.4621
9301	1.45848
9302	1.45833
9303	1.45813
9304	1.45795
9305	1.45771
9306	1.45747
9307	1.45726
9308	1.4571
9309	1.45692
9310	1.45667
9311	1.4509
9312	1.45075
9313	1.45071
9314	1.4507
9315	1.45067
9316	1.45068
9317	1.45069
9318	1.45066
9319	1.45059
9320	1.45055
9321	1.44826
9322	1.44826
9323	1.44827
9324	1.4483
9325	1.44835
9326	1.44839
9327	1.44836
9328	1.44833
9329	1.44828
9330	1.44816
9331	1.44169
9332	1.44156
9333	1.44146
9334	1.44145
9335	1.44149
9336	1.4416
9337	1.44185
9338	1.44211
9339	1.44235
9340	1.44247
9341	1.4413
9342	1.44134
9343	1.44133
9344	1.44126
9345	1.44114
9346	1.44099
9347	1.44089
9348	1.44085
9349	1.44081
9350	1.44071
9351	1.43335
9352	1.43328
9353	1.43326
9354	1.4332
9355	1.43317
9356	1.43321
9357	1.43328
9358	1.43338
9359	1.43346
9360	1.4335
9361	1.44926
9362	1.44916
9363	1.44907
9364	1.44902
9365	1.449
9366	1.44898
9367	1.44895
9368	1.44894
9369	1.44893
9370	1.449
9371	1.44878
9372	1.4488
9373	1.449
9374	1.44919
9375	1.44932
9376	1.44939
9377	1.44933
9378	1.44923
9379	1.4491
9380	1.44895
9381	1.45556
9382	1.45542
9383	1.45529
9384	1.45516
9385	1.45502
9386	1.45483
9387	1.45466
9388	1.45447
9389	1.45432
9390	1.45426
9391	1.45935
9392	1.45943
9393	1.45958
9394	1.45971
9395	1.45982
9396	1.45992
9397	1.45993
9398	1.4599
9399	1.45984
9400	1.45974
9401	1.45624
9402	1.45627
9403	1.45634
9404	1.45644
9405	1.45657
9406	1.45663
9407	1.45666
9408	1.45678
9409	1.45699
9410	1.45727
9411	1.4536
9412	1.45385
9413	1.45413
9414	1.45436
9415	1.45457
9416	1.45469
9417	1.45482
9418	1.45495
9419	1.45505
9420	1.45517
9421	1.44959
9422	1.4497
9423	1.44976
9424	1.44981
9425	1.44981
9426	1.44978
9427	1.44971
9428	1.4496
9429	1.44952
9430	1.44942
9431	1.45379
9432	1.45369
9433	1.4536
9434	1.45354
9435	1.45354
9436	1.45353
9437	1.45353
9438	1.45356
9439	1.4536
9440	1.4536
9441	1.45616
9442	1.45611
9443	1.45608
9444	1.45612
9445	1.4562
9446	1.45626
9447	1.45636
9448	1.45644
9449	1.45658
9450	1.45671
9451	1.44896
9452	1.44902
9453	1.44911
9454	1.44916
9455	1.44925
9456	1.44932
9457	1.44934
9458	1.44931
9459	1.44926
9460	1.44919
9461	1.4538
9462	1.4537
9463	1.4536
9464	1.45353
9465	1.4535
9466	1.45351
9467	1.45353
9468	1.45359
9469	1.45366
9470	1.45373
9471	1.45863
9472	1.4588
9473	1.45893
9474	1.45899
9475	1.45893
9476	1.45885
9477	1.45871
9478	1.4586
9479	1.45846
9480	1.45838
9481	1.45702
9482	1.45688
9483	1.45675
9484	1.45668
9485	1.45667
9486	1.45666
9487	1.45666
9488	1.45675
9489	1.45685
9490	1.45705
9491	1.46185
9492	1.46202
9493	1.46211
9494	1.46215
9495	1.4621
9496	1.462
9497	1.4619
9498	1.46182
9499	1.46178
9500	1.46175
9501	1.4369
9502	1.43682
9503	1.43673
9504	1.43667
9505	1.43668
9506	1.43675
9507	1.43685
9508	1.43695
9509	1.43709
9510	1.4373
9511	1.44735
9512	1.44749
9513	1.44757
9514	1.44762
9515	1.44761
9516	1.44757
9517	1.44756
9518	1.4475
9519	1.44743
9520	1.44745
9521	1.45395
9522	1.45392
9523	1.45393
9524	1.4539
9525	1.45391
9526	1.45389
9527	1.45385
9528	1.45381
9529	1.45382
9530	1.45387
9531	1.44918
9532	1.44933
9533	1.4494
9534	1.44941
9535	1.44943
9536	1.44948
9537	1.44952
9538	1.44957
9539	1.44958
9540	1.44954
9541	1.451
9542	1.45099
9543	1.45094
9544	1.45088
9545	1.45081
9546	1.45072
9547	1.45075
9548	1.45088
9549	1.45098
9550	1.45109
9551	1.44725
9552	1.44733
9553	1.44742
9554	1.44743
9555	1.44742
9556	1.44735
9557	1.44726
9558	1.44712
9559	1.44699
9560	1.44685
9561	1.4447
9562	1.44458
9563	1.44439
9564	1.44425
9565	1.44407
9566	1.44394
9567	1.44378
9568	1.44364
9569	1.44352
9570	1.44343
9571	1.4593
9572	1.45928
9573	1.45936
9574	1.45958
9575	1.45991
9576	1.46026
9577	1.46069
9578	1.46112
9579	1.46149
9580	1.46177
9581	1.45365
9582	1.45373
9583	1.45376
9584	1.45374
9585	1.45378
9586	1.45391
9587	1.45401
9588	1.45417
9589	1.4543
9590	1.4543
9591	1.44927
9592	1.4492
9593	1.44917
9594	1.44924
9595	1.44929
9596	1.44932
9597	1.44925
9598	1.44918
9599	1.44912
9600	1.4491
9601	1.45293
9602	1.45286
9603	1.4528
9604	1.4528
9605	1.45278
9606	1.45277
9607	1.45274
9608	1.45274
9609	1.45268
9610	1.45266
9611	1.4397
9612	1.43968
9613	1.43969
9614	1.43971
9615	1.43977
9616	1.43982
9617	1.43994
9618	1.44004
9619	1.44015
9620	1.44031
9621	1.4612
9622	1.46135
9623	1.46145
9624	1.46154
9625	1.46164
9626	1.46179
9627	1.462
9628	1.46216
9629	1.4623
9630	1.46242
9631	1.44146
9632	1.44145
9633	1.4415
9634	1.44159
9635	1.44166
9636	1.44167
9637	1.44164
9638	1.44156
9639	1.4414
9640	1.44123
9641	1.44925
9642	1.44908
9643	1.44891
9644	1.44876
9645	1.44864
9646	1.44861
9647	1.44862
9648	1.44862
9649	1.44858
9650	1.44858
9651	1.44559
9652	1.44557
9653	1.44558
9654	1.44564
9655	1.44569
9656	1.44564
9657	1.44559
9658	1.44557
9659	1.44555
9660	1.44554
9661	1.44143
9662	1.44152
9663	1.44161
9664	1.44167
9665	1.44181
9666	1.44194
9667	1.44208
9668	1.44214
9669	1.44214
9670	1.44215
9671	1.44666
9672	1.44665
9673	1.44659
9674	1.44651
9675	1.44641
9676	1.44629
9677	1.44614
9678	1.44599
9679	1.44585
9680	1.44572
9681	1.44778
9682	1.44761
9683	1.44746
9684	1.4474
9685	1.4474
9686	1.44744
9687	1.44752
9688	1.44757
9689	1.44751
9690	1.44744
9691	1.44948
9692	1.4494
9693	1.44929
9694	1.44919
9695	1.44914
9696	1.4491
9697	1.44907
9698	1.44914
9699	1.44924
9700	1.44931
9701	1.44625
9702	1.44631
9703	1.44638
9704	1.44643
9705	1.44647
9706	1.44649
9707	1.44653
9708	1.44656
9709	1.44659
9710	1.44664
9711	1.45762
9712	1.45768
9713	1.45768
9714	1.45766
9715	1.45765
9716	1.45768
9717	1.45762
9718	1.45758
9719	1.45757
9720	1.45757
9721	1.45266
9722	1.45262
9723	1.45265
9724	1.45269
9725	1.45273
9726	1.45274
9727	1.45278
9728	1.45282
9729	1.45286
9730	1.45296
9731	1.44218
9732	1.44228
9733	1.44238
9734	1.44243
9735	1.44242
9736	1.44231
9737	1.44216
9738	1.44201
9739	1.44182
9740	1.44166
9741	1.45366
9742	1.45359
9743	1.45357
9744	1.45358
9745	1.45369
9746	1.45375
9747	1.45378
9748	1.45375
9749	1.45369
9750	1.45365
9751	1.44576
9752	1.4458
9753	1.44585
9754	1.44585
9755	1.4458
9756	1.44571
9757	1.44569
9758	1.44569
9759	1.44565
9760	1.44554
9761	1.44087
9762	1.44075
9763	1.44072
9764	1.44065
9765	1.44059
9766	1.44055
9767	1.44054
9768	1.44053
9769	1.44056
9770	1.44056
9771	1.44672
9772	1.44678
9773	1.44683
9774	1.44689
9775	1.44697
9776	1.44706
9777	1.44709
9778	1.44718
9779	1.44728
9780	1.44738
9781	1.45136
9782	1.4514
9783	1.45143
9784	1.45147
9785	1.45154
9786	1.45156
9787	1.45153
9788	1.45142
9789	1.45127
9790	1.45112
9791	1.44659
9792	1.44647
9793	1.44635
9794	1.44625
9795	1.4462
9796	1.44611
9797	1.44601
9798	1.44587
9799	1.4457
9800	1.44563
9801	1.43844
9802	1.43833
9803	1.4383
9804	1.43832
9805	1.43841
9806	1.43851
9807	1.43868
9808	1.43881
9809	1.43897
9810	1.43915
9811	1.42317
9812	1.42335
9813	1.42356
9814	1.42383
9815	1.42402
9816	1.42422
9817	1.42441
9818	1.42457
9819	1.42469
9820	1.42481
9821	1.44183
9822	1.44177
9823	1.44163
9824	1.44149
9825	1.44131
9826	1.44112
9827	1.44097
9828	1.44078
9829	1.44062
9830	1.4405
9831	1.44124
9832	1.44122
9833	1.44123
9834	1.44119
9835	1.44111
9836	1.44098
9837	1.44087
9838	1.4408
9839	1.44076
9840	1.4408
9841	1.45493
9842	1.45509
9843	1.45524
9844	1.45538
9845	1.45559
9846	1.45579
9847	1.45596
9848	1.45616
9849	1.4563
9850	1.45636
9851	1.42881
9852	1.42879
9853	1.42867
9854	1.42858
9855	1.42846
9856	1.42834
9857	1.42821
9858	1.42808
9859	1.42803
9860	1.42794
9861	1.43495
9862	1.43494
9863	1.43499
9864	1.43511
9865	1.43521
9866	1.4353
9867	1.43542
9868	1.43559
9869	1.4358
9870	1.43598
9871	1.42987
9872	1.43004
9873	1.43023
9874	1.43034
9875	1.43036
9876	1.43034
9877	1.43028
9878	1.43021
9879	1.43011
9880	1.43003
9881	1.43097
9882	1.43097
9883	1.43101
9884	1.43106
9885	1.43111
9886	1.43118
9887	1.43124
9888	1.43128
9889	1.43124
9890	1.43121
9891	1.41715
9892	1.4173
9893	1.41741
9894	1.41754
9895	1.41761
9896	1.41774
9897	1.41784
9898	1.41799
9899	1.41819
9900	1.41835
9901	1.42759
9902	1.42768
9903	1.42771
9904	1.42769
9905	1.42763
9906	1.42754
9907	1.4274
9908	1.42721
9909	1.42703
9910	1.42687
9911	1.44147
9912	1.44133
9913	1.44115
9914	1.44093
9915	1.44063
9916	1.44034
9917	1.44006
9918	1.43975
9919	1.43949
9920	1.43926
9921	1.4235
9922	1.42335
9923	1.42328
9924	1.42324
9925	1.42325
9926	1.42342
9927	1.4236
9928	1.42373
9929	1.42388
9930	1.42392
9931	1.42596
9932	1.42605
9933	1.42626
9934	1.4265
9935	1.42676
9936	1.42699
9937	1.42724
9938	1.42738
9939	1.42751
9940	1.42756
9941	1.44004
9942	1.44008
9943	1.44006
9944	1.43993
9945	1.43979
9946	1.43963
9947	1.4394
9948	1.43913
9949	1.43883
9950	1.43858
9951	1.41926
9952	1.4191
9953	1.419
9954	1.41898
9955	1.41899
9956	1.41902
9957	1.41904
9958	1.41899
9959	1.41895
9960	1.41884
9961	1.43083
9962	1.43087
9963	1.43095
9964	1.43107
9965	1.43119
9966	1.43134
9967	1.43154
9968	1.43178
9969	1.43207
9970	1.4323
9971	1.4377
9972	1.4379
9973	1.43807
9974	1.43824
9975	1.43838
9976	1.43842
9977	1.43844
9978	1.43832
9979	1.43819
9980	1.43807
9981	1.4321
9982	1.43199
9983	1.43184
9984	1.43168
9985	1.43156
9986	1.43144
9987	1.4313
9988	1.43117
9989	1.43105
9990	1.43095
9991	1.42372
9992	1.4237
9993	1.42374
9994	1.4238
9995	1.42383
9996	1.42386
9997	1.42399
9998	1.42411
9999	1.42426
10000	1.42443
10001	1.42133
10002	1.42148
10003	1.42163
10004	1.42184
10005	1.42195
10006	1.42202
10007	1.42201
10008	1.42198
10009	1.42188
10010	1.42172
10011	1.43541
10012	1.43527
10013	1.43511
10014	1.43498
10015	1.43491
10016	1.43482
10017	1.4348
10018	1.4348
10019	1.43478
10020	1.43478
10021	1.42654
10022	1.42659
10023	1.42672
10024	1.42682
10025	1.4269
10026	1.427
10027	1.42705
10028	1.42714
10029	1.42718
10030	1.42716
10031	1.41174
10032	1.41171
10033	1.41167
10034	1.41158
10035	1.4115
10036	1.41137
10037	1.41127
10038	1.41119
10039	1.41107
10040	1.41092
10041	1.42584
10042	1.42573
10043	1.42563
10044	1.42552
10045	1.42544
10046	1.42535
10047	1.42522
10048	1.42504
10049	1.42482
10050	1.42465
10051	1.42454
10052	1.42445
10053	1.42434
10054	1.42428
10055	1.42423
10056	1.42426
10057	1.42432
10058	1.42436
10059	1.42438
10060	1.4244
10061	1.42978
10062	1.4299
10063	1.43005
10064	1.43023
10065	1.43039
10066	1.43049
10067	1.43053
10068	1.43054
10069	1.43053
10070	1.43055
10071	1.43352
10072	1.43349
10073	1.43353
10074	1.43354
10075	1.43362
10076	1.43368
10077	1.43372
10078	1.43377
10079	1.43387
10080	1.43392
10081	1.43265
10082	1.43267
10083	1.43268
10084	1.43262
10085	1.43262
10086	1.43258
10087	1.43257
10088	1.43255
10089	1.43256
10090	1.43265
10091	1.43857
10092	1.43858
10093	1.43857
10094	1.43848
10095	1.43837
10096	1.43819
10097	1.43802
10098	1.43794
10099	1.43792
10100	1.43788
10101	1.42218
10102	1.42204
10103	1.42192
10104	1.42173
10105	1.42153
10106	1.42135
10107	1.42123
10108	1.42117
10109	1.42123
10110	1.42131
10111	1.42546
10112	1.42561
10113	1.42579
10114	1.42599
10115	1.42622
10116	1.42643
10117	1.42663
10118	1.42688
10119	1.42701
10120	1.42708
10121	1.42738
10122	1.42737
10123	1.42733
10124	1.42726
10125	1.42724
10126	1.42727
10127	1.42729
10128	1.42726
10129	1.42718
10130	1.4271
10131	1.41453
10132	1.41439
10133	1.4143
10134	1.41428
10135	1.41431
10136	1.41434
10137	1.41433
10138	1.41429
10139	1.41429
10140	1.41433
10141	1.42377
10142	1.4237
10143	1.42367
10144	1.42369
10145	1.42374
10146	1.42378
10147	1.42385
10148	1.42388
10149	1.4239
10150	1.42395
10151	1.43264
10152	1.43266
10153	1.43261
10154	1.43255
10155	1.4325
10156	1.4325
10157	1.43246
10158	1.4325
10159	1.4325
10160	1.4325
10161	1.44116
10162	1.44108
10163	1.44099
10164	1.44088
10165	1.44081
10166	1.4407
10167	1.44066
10168	1.44063
10169	1.44061
10170	1.44045
10171	1.4268
10172	1.4266
10173	1.42643
10174	1.42633
10175	1.42635
10176	1.4265
10177	1.42677
10178	1.42715
10179	1.42752
10180	1.42792
10181	1.42222
10182	1.4225
10183	1.4227
10184	1.42281
10185	1.42282
10186	1.42281
10187	1.42282
10188	1.42281
10189	1.42275
10190	1.42264
10191	1.42605
10192	1.42589
10193	1.42573
10194	1.42558
10195	1.42546
10196	1.42538
10197	1.42523
10198	1.42512
10199	1.42506
10200	1.42497
10201	1.43116
10202	1.43111
10203	1.43103
10204	1.431
10205	1.43093
10206	1.43089
10207	1.43085
10208	1.43081
10209	1.43076
10210	1.43076
10211	1.43062
10212	1.43066
10213	1.43072
10214	1.43078
10215	1.43085
10216	1.43083
10217	1.43077
10218	1.43078
10219	1.43079
10220	1.43079
10221	1.42323
10222	1.42315
10223	1.42318
10224	1.42322
10225	1.42328
10226	1.42337
10227	1.42344
10228	1.42353
10229	1.42362
10230	1.4237
10231	1.4286
10232	1.42858
10233	1.42871
10234	1.42885
10235	1.42899
10236	1.42926
10237	1.42948
10238	1.42966
10239	1.42978
10240	1.42987
10241	1.4242
10242	1.42424
10243	1.42423
10244	1.42417
10245	1.4241
10246	1.42403
10247	1.42394
10248	1.42389
10249	1.42381
10250	1.42372
10251	1.4328
10252	1.43266
10253	1.43259
10254	1.43257
10255	1.43255
10256	1.43251
10257	1.43248
10258	1.43246
10259	1.43256
10260	1.43269
10261	1.4185
10262	1.41862
10263	1.41872
10264	1.41875
10265	1.41873
10266	1.4187
10267	1.41864
10268	1.41855
10269	1.41842
10270	1.41823
10271	1.42392
10272	1.42378
10273	1.42363
10274	1.42349
10275	1.42337
10276	1.42326
10277	1.42319
10278	1.42315
10279	1.42316
10280	1.42317
10281	1.42492
10282	1.42493
10283	1.42494
10284	1.42511
10285	1.42526
10286	1.42544
10287	1.42568
10288	1.42585
10289	1.42594
10290	1.42599
10291	1.43184
10292	1.43179
10293	1.43168
10294	1.43161
10295	1.43163
10296	1.43178
10297	1.43193
10298	1.43201
10299	1.43198
10300	1.43183
10301	1.43044
10302	1.43015
10303	1.42991
10304	1.42968
10305	1.42955
10306	1.42945
10307	1.4294
10308	1.42935
10309	1.42921
10310	1.42907
10311	1.42769
10312	1.42756
10313	1.4274
10314	1.42725
10315	1.42714
10316	1.42703
10317	1.42695
10318	1.42688
10319	1.4268
10320	1.42674
10321	1.4271
10322	1.42708
10323	1.42713
10324	1.42724
10325	1.42737
10326	1.42754
10327	1.42771
10328	1.42792
10329	1.42812
10330	1.42825
10331	1.41466
10332	1.41487
10333	1.41519
10334	1.41555
10335	1.41587
10336	1.41618
10337	1.41644
10338	1.41661
10339	1.41676
10340	1.41679
10341	1.43531
10342	1.4352
10343	1.43515
10344	1.43511
10345	1.43506
10346	1.43504
10347	1.43503
10348	1.43509
10349	1.43511
10350	1.43516
10351	1.42168
10352	1.42176
10353	1.42182
10354	1.42182
10355	1.42188
10356	1.42193
10357	1.42198
10358	1.42205
10359	1.42208
10360	1.42209
10361	1.4174
10362	1.41734
10363	1.41728
10364	1.41721
10365	1.41723
10366	1.41725
10367	1.41733
10368	1.41739
10369	1.4175
10370	1.4176
10371	1.41655
10372	1.41662
10373	1.4167
10374	1.4168
10375	1.41686
10376	1.41687
10377	1.41683
10378	1.41676
10379	1.41665
10380	1.41655
10381	1.41156
10382	1.41138
10383	1.41116
10384	1.41104
10385	1.41096
10386	1.41093
10387	1.41088
10388	1.41081
10389	1.41073
10390	1.41061
10391	1.41149
10392	1.41149
10393	1.41157
10394	1.41172
10395	1.41188
10396	1.41199
10397	1.4121
10398	1.4123
10399	1.41242
10400	1.41256
10401	1.41438
10402	1.41447
10403	1.41448
10404	1.41442
10405	1.41436
10406	1.41422
10407	1.41414
10408	1.41404
10409	1.41384
10410	1.41361
10411	1.41412
10412	1.41398
10413	1.4139
10414	1.41399
10415	1.41415
10416	1.41437
10417	1.41456
10418	1.41479
10419	1.41499
10420	1.41521
10421	1.42849
10422	1.42857
10423	1.42861
10424	1.42863
10425	1.42871
10426	1.42873
10427	1.42868
10428	1.42862
10429	1.42862
10430	1.42863
10431	1.41454
10432	1.41449
10433	1.41442
10434	1.41436
10435	1.41436
10436	1.41434
10437	1.41432
10438	1.41434
10439	1.4144
10440	1.41449
10441	1.40932
10442	1.40938
10443	1.40945
10444	1.40943
10445	1.40942
10446	1.40938
10447	1.40934
10448	1.40936
10449	1.40946
10450	1.40956
10451	1.41786
10452	1.41789
10453	1.41794
10454	1.41797
10455	1.4179
10456	1.41777
10457	1.41766
10458	1.41751
10459	1.41735
10460	1.41722
10461	1.42222
10462	1.42222
10463	1.42217
10464	1.42217
10465	1.42218
10466	1.42217
10467	1.42214
10468	1.42206
10469	1.42208
10470	1.42219
10471	1.42003
10472	1.42023
10473	1.42036
10474	1.42047
10475	1.42058
10476	1.42069
10477	1.42079
10478	1.42083
10479	1.42077
10480	1.42066
10481	1.4221
10482	1.42207
10483	1.42207
10484	1.42209
10485	1.42205
10486	1.42203
10487	1.42196
10488	1.42191
10489	1.42187
10490	1.42184
10491	1.41687
10492	1.41685
10493	1.41684
10494	1.41685
10495	1.41691
10496	1.41698
10497	1.417
10498	1.41704
10499	1.41711
10500	1.41713
10501	1.42787
10502	1.42786
10503	1.42788
10504	1.42793
10505	1.42793
10506	1.42787
10507	1.42776
10508	1.42762
10509	1.4275
10510	1.42731
10511	1.41546
10512	1.41526
10513	1.41509
10514	1.41493
10515	1.41489
10516	1.41484
10517	1.41479
10518	1.41474
10519	1.41471
10520	1.41475
10521	1.41436
10522	1.41447
10523	1.41457
10524	1.41464
10525	1.41477
10526	1.41487
10527	1.41498
10528	1.41507
10529	1.41518
10530	1.41532
10531	1.4268
10532	1.42693
10533	1.42706
10534	1.42716
10535	1.42723
10536	1.4273
10537	1.42741
10538	1.42747
10539	1.42747
10540	1.42747
10541	1.41907
10542	1.41902
10543	1.41899
10544	1.41893
10545	1.41892
10546	1.41887
10547	1.41882
10548	1.41877
10549	1.41869
10550	1.41857
10551	1.4208
10552	1.42073
10553	1.42064
10554	1.42059
10555	1.42052
10556	1.4204
10557	1.42032
10558	1.42034
10559	1.42035
10560	1.42035
10561	1.42607
10562	1.42612
10563	1.42619
10564	1.42629
10565	1.4264
10566	1.4265
10567	1.42653
10568	1.42656
10569	1.42657
10570	1.42656
10571	1.40939
10572	1.4094
10573	1.40936
10574	1.40928
10575	1.4092
10576	1.4091
10577	1.40902
10578	1.40897
10579	1.40894
10580	1.40893
10581	1.4338
10582	1.43386
10583	1.43386
10584	1.43381
10585	1.43378
10586	1.43381
10587	1.43388
10588	1.43396
10589	1.43399
10590	1.43404
10591	1.43432
10592	1.43446
10593	1.43457
10594	1.43465
10595	1.43474
10596	1.43481
10597	1.4349
10598	1.43506
10599	1.43522
10600	1.4353
10601	1.43113
10602	1.43122
10603	1.43129
10604	1.43132
10605	1.43133
10606	1.43134
10607	1.43132
10608	1.43122
10609	1.43111
10610	1.43096
10611	1.41912
10612	1.41897
10613	1.41881
10614	1.41871
10615	1.41861
10616	1.41853
10617	1.41845
10618	1.41831
10619	1.41819
10620	1.41807
10621	1.43086
10622	1.43072
10623	1.43061
10624	1.4305
10625	1.4304
10626	1.43027
10627	1.43009
10628	1.43
10629	1.43
10630	1.4301
10631	1.423
10632	1.42324
10633	1.42347
10634	1.42364
10635	1.42383
10636	1.42394
10637	1.424
10638	1.42407
10639	1.42413
10640	1.42416
10641	1.41661
10642	1.4166
10643	1.41658
10644	1.4166
10645	1.4167
10646	1.41677
10647	1.41686
10648	1.41697
10649	1.41706
10650	1.41711
10651	1.42539
10652	1.42537
10653	1.42534
10654	1.42529
10655	1.42522
10656	1.4251
10657	1.42501
10658	1.42488
10659	1.42472
10660	1.42458
10661	1.42097
10662	1.42099
10663	1.42099
10664	1.42103
10665	1.42111
10666	1.42118
10667	1.42124
10668	1.42127
10669	1.42128
10670	1.42129
10671	1.42942
10672	1.42938
10673	1.42939
10674	1.42944
10675	1.42945
10676	1.42953
10677	1.42959
10678	1.42962
10679	1.42967
10680	1.4297
10681	1.42976
10682	1.42981
10683	1.42987
10684	1.42993
10685	1.43003
10686	1.43012
10687	1.43025
10688	1.43039
10689	1.43055
10690	1.43062
10691	1.41899
10692	1.41894
10693	1.4189
10694	1.41889
10695	1.41889
10696	1.41886
10697	1.41884
10698	1.41877
10699	1.41864
10700	1.41849
10701	1.42138
10702	1.4212
10703	1.42104
10704	1.42085
10705	1.42073
10706	1.42057
10707	1.42041
10708	1.42031
10709	1.42019
10710	1.42009
10711	1.41419
10712	1.41417
10713	1.41415
10714	1.4141
10715	1.41403
10716	1.414
10717	1.41407
10718	1.41413
10719	1.41413
10720	1.41406
10721	1.41186
10722	1.41177
10723	1.41171
10724	1.41169
10725	1.41169
10726	1.41175
10727	1.41188
10728	1.41198
10729	1.41215
10730	1.41233
10731	1.4129
10732	1.41295
10733	1.41297
10734	1.41301
10735	1.41309
10736	1.41317
10737	1.41314
10738	1.41306
10739	1.41299
10740	1.41284
10741	1.42481
10742	1.42476
10743	1.42464
10744	1.42453
10745	1.42448
10746	1.42449
10747	1.42448
10748	1.4245
10749	1.42455
10750	1.42452
10751	1.42737
10752	1.42725
10753	1.42717
10754	1.42701
10755	1.42688
10756	1.42679
10757	1.42675
10758	1.42672
10759	1.42675
10760	1.42681
10761	1.42401
10762	1.42404
10763	1.42402
10764	1.42398
10765	1.42392
10766	1.42394
10767	1.42388
10768	1.42389
10769	1.42385
10770	1.42377
10771	1.42688
10772	1.42678
10773	1.42667
10774	1.42651
10775	1.42636
10776	1.42625
10777	1.42615
10778	1.42606
10779	1.42598
10780	1.42588
10781	1.42302
10782	1.42294
10783	1.42288
10784	1.42287
10785	1.4229
10786	1.42312
10787	1.42339
10788	1.42368
10789	1.42404
10790	1.4244
10791	1.42055
10792	1.42087
10793	1.42116
10794	1.42136
10795	1.42142
10796	1.42147
10797	1.42147
10798	1.42145
10799	1.42144
10800	1.42139
10801	1.42748
10802	1.42725
10803	1.42693
10804	1.4266
10805	1.42637
10806	1.42612
10807	1.42586
10808	1.42567
10809	1.42554
10810	1.42537
10811	1.42271
10812	1.42266
10813	1.42266
10814	1.42271
10815	1.42287
10816	1.42303
10817	1.42315
10818	1.42326
10819	1.4234
10820	1.4236
10821	1.43296
10822	1.43322
10823	1.43339
10824	1.43356
10825	1.43364
10826	1.43373
10827	1.43379
10828	1.43383
10829	1.43378
10830	1.43365
10831	1.42078
10832	1.42064
10833	1.42053
10834	1.42039
10835	1.42033
10836	1.42025
10837	1.42021
10838	1.42019
10839	1.42015
10840	1.42015
10841	1.42552
10842	1.42568
10843	1.42575
10844	1.42584
10845	1.42588
10846	1.4259
10847	1.42584
10848	1.42572
10849	1.42563
10850	1.42539
10851	1.42563
10852	1.42543
10853	1.42532
10854	1.42523
10855	1.42523
10856	1.42525
10857	1.42524
10858	1.42524
10859	1.42527
10860	1.42528
10861	1.42234
10862	1.42234
10863	1.42236
10864	1.42242
10865	1.42247
10866	1.42245
10867	1.42245
10868	1.42248
10869	1.42249
10870	1.42249
10871	1.42437
10872	1.42437
10873	1.42442
10874	1.42447
10875	1.42448
10876	1.42457
10877	1.42464
10878	1.42467
10879	1.42471
10880	1.4248
10881	1.42123
10882	1.42136
10883	1.42148
10884	1.42158
10885	1.42163
10886	1.42159
10887	1.42153
10888	1.42148
10889	1.42141
10890	1.42131
10891	1.42565
10892	1.42565
10893	1.42571
10894	1.42576
10895	1.42588
10896	1.42601
10897	1.4261
10898	1.4263
10899	1.42648
10900	1.4266
10901	1.41641
10902	1.41648
10903	1.41653
10904	1.41653
10905	1.41647
10906	1.41645
10907	1.41643
10908	1.41639
10909	1.41631
10910	1.41621
10911	1.42167
10912	1.42148
10913	1.42129
10914	1.42102
10915	1.42073
10916	1.42046
10917	1.42032
10918	1.4202
10919	1.42014
10920	1.42007
10921	1.42512
10922	1.4251
10923	1.42506
10924	1.42506
10925	1.42509
10926	1.4251
10927	1.4251
10928	1.42514
10929	1.42515
10930	1.42519
10931	1.42015
10932	1.42017
10933	1.42019
10934	1.42016
10935	1.42016
10936	1.42014
10937	1.42023
10938	1.42031
10939	1.42038
10940	1.42047
10941	1.42484
10942	1.42487
10943	1.42489
10944	1.42495
10945	1.425
10946	1.42507
10947	1.42508
10948	1.42508
10949	1.42511
10950	1.42514
10951	1.43032
10952	1.43025
10953	1.43014
10954	1.43007
10955	1.42996
10956	1.42986
10957	1.42979
10958	1.42969
10959	1.42962
10960	1.42956
10961	1.42113
10962	1.42105
10963	1.42095
10964	1.42084
10965	1.42068
10966	1.42059
10967	1.4206
10968	1.42067
10969	1.42077
10970	1.42093
10971	1.42947
10972	1.42963
10973	1.42971
10974	1.42973
10975	1.42973
10976	1.42971
10977	1.4297
10978	1.42965
10979	1.42967
10980	1.42968
10981	1.43306
10982	1.43312
10983	1.43317
10984	1.43326
10985	1.43331
10986	1.43333
10987	1.43337
10988	1.43333
10989	1.43322
10990	1.43324
10991	1.41685
10992	1.41682
10993	1.41684
10994	1.41687
10995	1.41702
10996	1.41725
10997	1.41749
10998	1.41773
10999	1.41789
11000	1.41803
11001	1.41859
11002	1.41868
11003	1.41876
11004	1.41882
11005	1.41889
11006	1.41891
11007	1.41891
11008	1.41889
11009	1.41888
11010	1.41885
11011	1.42609
11012	1.42611
11013	1.42612
11014	1.42605
11015	1.42597
11016	1.42584
11017	1.42567
11018	1.42548
11019	1.42525
11020	1.42513
11021	1.42454
11022	1.42439
11023	1.42421
11024	1.42401
11025	1.42392
11026	1.42387
11027	1.42391
11028	1.42399
11029	1.42418
11030	1.4244
11031	1.4142
11032	1.41447
11033	1.4148
11034	1.41518
11035	1.41547
11036	1.41573
11037	1.41592
11038	1.41601
11039	1.41605
11040	1.41607
11041	1.42706
11042	1.42689
11043	1.42676
11044	1.42672
11045	1.42664
11046	1.42662
11047	1.42656
11048	1.42649
11049	1.42641
11050	1.42626
11051	1.41996
11052	1.41979
11053	1.41958
11054	1.41944
11055	1.41924
11056	1.41909
11057	1.41897
11058	1.41885
11059	1.41875
11060	1.41867
11061	1.41014
11062	1.41
11063	1.40997
11064	1.40994
11065	1.40988
11066	1.40975
11067	1.40963
11068	1.40963
11069	1.4097
11070	1.40978
11071	1.41049
11072	1.41051
11073	1.41051
11074	1.41045
11075	1.41041
11076	1.41039
11077	1.41036
11078	1.41032
11079	1.41027
11080	1.41022
11081	1.42077
11082	1.42067
11083	1.42059
11084	1.42057
11085	1.42052
11086	1.42045
11087	1.42034
11088	1.42024
11089	1.42015
11090	1.41996
11091	1.42476
11092	1.42457
11093	1.42446
11094	1.42444
11095	1.42442
11096	1.4245
11097	1.42456
11098	1.42462
11099	1.42466
11100	1.42465
11101	1.43164
11102	1.43168
11103	1.43173
11104	1.43181
11105	1.43198
11106	1.43207
11107	1.43218
11108	1.4323
11109	1.43236
11110	1.43239
11111	1.42879
11112	1.42891
11113	1.42907
11114	1.4293
11115	1.42949
11116	1.4297
11117	1.42993
11118	1.43015
11119	1.43033
11120	1.43047
11121	1.43169
11122	1.43171
11123	1.43172
11124	1.43172
11125	1.43172
11126	1.43166
11127	1.43156
11128	1.43145
11129	1.43134
11130	1.43118
11131	1.43002
11132	1.4298
11133	1.42969
11134	1.42962
11135	1.4296
11136	1.42969
11137	1.42978
11138	1.42985
11139	1.42997
11140	1.43011
11141	1.42485
11142	1.42498
11143	1.42508
11144	1.42511
11145	1.42513
11146	1.42518
11147	1.42522
11148	1.42524
11149	1.42525
11150	1.4252
11151	1.42298
11152	1.42292
11153	1.42289
11154	1.42283
11155	1.42278
11156	1.42271
11157	1.42265
11158	1.42263
11159	1.42268
11160	1.42276
11161	1.42669
11162	1.42678
11163	1.42692
11164	1.42707
11165	1.4272
11166	1.42732
11167	1.42742
11168	1.42749
11169	1.42755
11170	1.42755
11171	1.43658
11172	1.43649
11173	1.43635
11174	1.43622
11175	1.43607
11176	1.4359
11177	1.43575
11178	1.43563
11179	1.43547
11180	1.43529
11181	1.42749
11182	1.42742
11183	1.42743
11184	1.42751
11185	1.42762
11186	1.42772
11187	1.42793
11188	1.42808
11189	1.42823
11190	1.42842
11191	1.4253
11192	1.42539
11193	1.42546
11194	1.42544
11195	1.42534
11196	1.42524
11197	1.42521
11198	1.42518
11199	1.42514
11200	1.42506
11201	1.42081
11202	1.42066
11203	1.42051
11204	1.4204
11205	1.42036
11206	1.42036
11207	1.42037
11208	1.42039
11209	1.42045
11210	1.42049
11211	1.41884
11212	1.41881
11213	1.41867
11214	1.41848
11215	1.41832
11216	1.41818
11217	1.41808
11218	1.41805
11219	1.41804
11220	1.41792
11221	1.43015
11222	1.42995
11223	1.42974
11224	1.42951
11225	1.42939
11226	1.42933
11227	1.42924
11228	1.42913
11229	1.42904
11230	1.429
11231	1.42073
11232	1.42087
11233	1.42108
11234	1.42128
11235	1.42144
11236	1.42152
11237	1.4216
11238	1.42168
11239	1.42173
11240	1.42178
11241	1.41622
11242	1.41628
11243	1.41635
11244	1.41643
11245	1.41645
11246	1.41639
11247	1.41637
11248	1.41633
11249	1.41631
11250	1.41631
11251	1.422
11252	1.42199
11253	1.42197
11254	1.42191
11255	1.42183
11256	1.42178
11257	1.42168
11258	1.42155
11259	1.42139
11260	1.42125
11261	1.41419
11262	1.41415
11263	1.41416
11264	1.41421
11265	1.41429
11266	1.41441
11267	1.41447
11268	1.4145
11269	1.41458
11270	1.41463
11271	1.41796
11272	1.41808
11273	1.41817
11274	1.41817
11275	1.41816
11276	1.41814
11277	1.41816
11278	1.41826
11279	1.41836
11280	1.41843
11281	1.43406
11282	1.43403
11283	1.43399
11284	1.43392
11285	1.43385
11286	1.43381
11287	1.43378
11288	1.43378
11289	1.43384
11290	1.43389
11291	1.41214
11292	1.41212
11293	1.41207
11294	1.41206
11295	1.41206
11296	1.41208
11297	1.41219
11298	1.41235
11299	1.41253
11300	1.41274
11301	1.43234
11302	1.43266
11303	1.43288
11304	1.43303
11305	1.43315
11306	1.43327
11307	1.43335
11308	1.43337
11309	1.43331
11310	1.43324
11311	1.41245
11312	1.41239
11313	1.41227
11314	1.41221
11315	1.41209
11316	1.41193
11317	1.41173
11318	1.41153
11319	1.4113
11320	1.41117
11321	1.41372
11322	1.41368
11323	1.41373
11324	1.41382
11325	1.41392
11326	1.41403
11327	1.41414
11328	1.41424
11329	1.41429
11330	1.41438
11331	1.4125
11332	1.41247
11333	1.41245
11334	1.41244
11335	1.41244
11336	1.41244
11337	1.41244
11338	1.41245
11339	1.41243
11340	1.4124
11341	1.41465
11342	1.41455
11343	1.41449
11344	1.4145
11345	1.41446
11346	1.41441
11347	1.41444
11348	1.4145
11349	1.41451
11350	1.41452
11351	1.42505
11352	1.42508
11353	1.42509
11354	1.42501
11355	1.42492
11356	1.42483
11357	1.42479
11358	1.42472
11359	1.42468
11360	1.42463
11361	1.416
11362	1.41595
11363	1.41588
11364	1.41579
11365	1.41567
11366	1.41555
11367	1.41549
11368	1.41547
11369	1.41541
11370	1.41534
11371	1.4259
11372	1.42572
11373	1.42556
11374	1.42548
11375	1.42538
11376	1.42526
11377	1.42517
11378	1.42508
11379	1.425
11380	1.42497
11381	1.4095
11382	1.40938
11383	1.40933
11384	1.40924
11385	1.40924
11386	1.40925
11387	1.4092
11388	1.40915
11389	1.40909
11390	1.409
11391	1.4216
11392	1.42157
11393	1.42157
11394	1.42158
11395	1.42161
11396	1.42164
11397	1.4217
11398	1.42181
11399	1.42193
11400	1.42215
11401	1.41433
11402	1.41454
11403	1.41478
11404	1.41493
11405	1.4151
11406	1.41525
11407	1.41536
11408	1.41551
11409	1.41569
11410	1.41592
11411	1.41506
11412	1.41522
11413	1.41536
11414	1.41546
11415	1.41557
11416	1.4157
11417	1.41581
11418	1.416
11419	1.41615
11420	1.41625
11421	1.42179
11422	1.42193
11423	1.42202
11424	1.42207
11425	1.42208
11426	1.4221
11427	1.42214
11428	1.42217
11429	1.42212
11430	1.42204
11431	1.4281
11432	1.4279
11433	1.42772
11434	1.42761
11435	1.42747
11436	1.42733
11437	1.42718
11438	1.42709
11439	1.427
11440	1.42694
11441	1.41671
11442	1.41663
11443	1.41655
11444	1.41645
11445	1.41637
11446	1.4163
11447	1.4162
11448	1.4161
11449	1.41595
11450	1.41576
11451	1.4175
11452	1.41737
11453	1.41731
11454	1.41733
11455	1.41743
11456	1.41754
11457	1.41771
11458	1.41793
11459	1.41817
11460	1.41838
11461	1.41358
11462	1.41384
11463	1.41407
11464	1.41423
11465	1.4144
11466	1.4145
11467	1.41455
11468	1.41451
11469	1.41438
11470	1.41416
11471	1.41969
11472	1.4194
11473	1.41915
11474	1.41898
11475	1.41885
11476	1.41873
11477	1.41865
11478	1.41857
11479	1.41856
11480	1.41855
11481	1.41689
11482	1.41684
11483	1.41676
11484	1.41671
11485	1.4167
11486	1.4167
11487	1.41674
11488	1.41683
11489	1.41695
11490	1.41709
11491	1.41401
11492	1.41404
11493	1.41401
11494	1.414
11495	1.41403
11496	1.41405
11497	1.41412
11498	1.41425
11499	1.41437
11500	1.41448
11501	1.4212
11502	1.42132
11503	1.42145
11504	1.4216
11505	1.42173
11506	1.42182
11507	1.42193
11508	1.42195
11509	1.42192
11510	1.42182
11511	1.42955
11512	1.4294
11513	1.42928
11514	1.42912
11515	1.42904
11516	1.42898
11517	1.42898
11518	1.4291
11519	1.42933
11520	1.42956
11521	1.41504
11522	1.41514
11523	1.41505
11524	1.4149
11525	1.41467
11526	1.41446
11527	1.4142
11528	1.41402
11529	1.41382
11530	1.41368
11531	1.41705
11532	1.41701
11533	1.41692
11534	1.41687
11535	1.4169
11536	1.41692
11537	1.41699
11538	1.41708
11539	1.4172
11540	1.41726
11541	1.41566
11542	1.41571
11543	1.41576
11544	1.41575
11545	1.41577
11546	1.41575
11547	1.41566
11548	1.41561
11549	1.41554
11550	1.41549
11551	1.42099
11552	1.42098
11553	1.4211
11554	1.42134
11555	1.42169
11556	1.42193
11557	1.42212
11558	1.42236
11559	1.42263
11560	1.42292
11561	1.42081
11562	1.42096
11563	1.4211
11564	1.42121
11565	1.42131
11566	1.42136
11567	1.42139
11568	1.42135
11569	1.42124
11570	1.42112
11571	1.41666
11572	1.41646
11573	1.41631
11574	1.41613
11575	1.41596
11576	1.41583
11577	1.41569
11578	1.41554
11579	1.41541
11580	1.41528
11581	1.40676
11582	1.40675
11583	1.40667
11584	1.40657
11585	1.40644
11586	1.40636
11587	1.40634
11588	1.40631
11589	1.4063
11590	1.4063
11591	1.41451
11592	1.41463
11593	1.4147
11594	1.41479
11595	1.41488
11596	1.41491
11597	1.41493
11598	1.41493
11599	1.41495
11600	1.41501
11601	1.40976
11602	1.40974
11603	1.40976
11604	1.40972
11605	1.40962
11606	1.40947
11607	1.40936
11608	1.40931
11609	1.40924
11610	1.40918
11611	1.41487
11612	1.41488
11613	1.41494
11614	1.41503
11615	1.41511
11616	1.41511
11617	1.4151
11618	1.41508
11619	1.41499
11620	1.4149
11621	1.40696
11622	1.40691
11623	1.40686
11624	1.40681
11625	1.40674
11626	1.40661
11627	1.40648
11628	1.40631
11629	1.40617
11630	1.40604
11631	1.4087
11632	1.40865
11633	1.40868
11634	1.40875
11635	1.40882
11636	1.40893
11637	1.40908
11638	1.40923
11639	1.40941
11640	1.40959
11641	1.40217
11642	1.4023
11643	1.40235
11644	1.40238
11645	1.40243
11646	1.40245
11647	1.4025
11648	1.40247
11649	1.4024
11650	1.40228
11651	1.40125
11652	1.40119
11653	1.40109
11654	1.40096
11655	1.40093
11656	1.40086
11657	1.40089
11658	1.40093
11659	1.40101
11660	1.40113
11661	1.38864
11662	1.38878
11663	1.38897
11664	1.38911
11665	1.38924
11666	1.38935
11667	1.38942
11668	1.38945
11669	1.38955
11670	1.38964
11671	1.38835
11672	1.38847
11673	1.38852
11674	1.38858
11675	1.38865
11676	1.38864
11677	1.38864
11678	1.38859
11679	1.38851
11680	1.3884
11681	1.40781
11682	1.40767
11683	1.40762
11684	1.40765
11685	1.40769
11686	1.4077
11687	1.40774
11688	1.40779
11689	1.40779
11690	1.40776
11691	1.4047
11692	1.40466
11693	1.40459
11694	1.40451
11695	1.40438
11696	1.40424
11697	1.40406
11698	1.40389
11699	1.40374
11700	1.40369
11701	1.38855
11702	1.38868
11703	1.38884
11704	1.38908
11705	1.38934
11706	1.38964
11707	1.39004
11708	1.39047
11709	1.39086
11710	1.39115
11711	1.39402
11712	1.39411
11713	1.39418
11714	1.39418
11715	1.39417
11716	1.39421
11717	1.39426
11718	1.39431
11719	1.39433
11720	1.39433
11721	1.40886
11722	1.40881
11723	1.40874
11724	1.40861
11725	1.4085
11726	1.40834
11727	1.40821
11728	1.40806
11729	1.40796
11730	1.40791
11731	1.40484
11732	1.40469
11733	1.40446
11734	1.4042
11735	1.40393
11736	1.40366
11737	1.40337
11738	1.40305
11739	1.40275
11740	1.40244
11741	1.4077
11742	1.40758
11743	1.40753
11744	1.40755
11745	1.40773
11746	1.40815
11747	1.40862
11748	1.40915
11749	1.40966
11750	1.4101
11751	1.40805
11752	1.40827
11753	1.4083
11754	1.40823
11755	1.40808
11756	1.40789
11757	1.40764
11758	1.40741
11759	1.40719
11760	1.40698
11761	1.42114
11762	1.42099
11763	1.42085
11764	1.42076
11765	1.42065
11766	1.4206
11767	1.4206
11768	1.42064
11769	1.42061
11770	1.42062
11771	1.41308
11772	1.41313
11773	1.41319
11774	1.41322
11775	1.41324
11776	1.41323
11777	1.41327
11778	1.41328
11779	1.41334
11780	1.41339
11781	1.41908
11782	1.41912
11783	1.41917
11784	1.41925
11785	1.41937
11786	1.41954
11787	1.41962
11788	1.41969
11789	1.4198
11790	1.41988
11791	1.42868
11792	1.42869
11793	1.42854
11794	1.42836
11795	1.42809
11796	1.42789
11797	1.42779
11798	1.42771
11799	1.4276
11800	1.42756
11801	1.40993
11802	1.40988
11803	1.40984
11804	1.4098
11805	1.40971
11806	1.40962
11807	1.40961
11808	1.40959
11809	1.40957
11810	1.4095
11811	1.41627
11812	1.41611
11813	1.41598
11814	1.41588
11815	1.41587
11816	1.41591
11817	1.41591
11818	1.4159
11819	1.41593
11820	1.416
11821	1.40079
11822	1.40087
11823	1.40102
11824	1.40126
11825	1.40153
11826	1.40181
11827	1.40207
11828	1.40232
11829	1.40251
11830	1.4027
11831	1.42333
11832	1.42342
11833	1.42338
11834	1.4233
11835	1.42319
11836	1.42292
11837	1.42265
11838	1.42232
11839	1.42196
11840	1.42168
11841	1.4197
11842	1.41944
11843	1.41923
11844	1.41902
11845	1.41886
11846	1.41867
11847	1.41857
11848	1.41852
11849	1.41846
11850	1.41848
11851	1.41607
11852	1.41613
11853	1.41632
11854	1.41649
11855	1.41663
11856	1.41682
11857	1.41697
11858	1.41719
11859	1.41734
11860	1.41745
11861	1.41449
11862	1.41447
11863	1.41442
11864	1.41437
11865	1.41433
11866	1.41431
11867	1.41426
11868	1.41425
11869	1.41426
11870	1.41428
11871	1.40685
11872	1.40689
11873	1.40696
11874	1.40702
11875	1.40702
11876	1.40699
11877	1.40704
11878	1.40703
11879	1.40698
11880	1.40693
11881	1.41394
11882	1.41384
11883	1.41384
11884	1.4138
11885	1.41382
11886	1.4138
11887	1.41388
11888	1.41392
11889	1.41393
11890	1.41395
11891	1.4043
11892	1.40435
11893	1.40439
11894	1.40434
11895	1.40426
11896	1.40416
11897	1.40406
11898	1.40402
11899	1.40401
11900	1.40403
11901	1.40856
11902	1.40872
11903	1.40883
11904	1.409
11905	1.40913
11906	1.40928
11907	1.40937
11908	1.40943
11909	1.40947
11910	1.40961
11911	1.41716
11912	1.41713
11913	1.41704
11914	1.41699
11915	1.41697
11916	1.41697
11917	1.41709
11918	1.41717
11919	1.41728
11920	1.41736
11921	1.41068
11922	1.41078
11923	1.41083
11924	1.41087
11925	1.41091
11926	1.41095
11927	1.41092
11928	1.41084
11929	1.41068
11930	1.41052
11931	1.41076
11932	1.41059
11933	1.41056
11934	1.41053
11935	1.41042
11936	1.41034
11937	1.41024
11938	1.41014
11939	1.41006
11940	1.41003
11941	1.41083
11942	1.41089
11943	1.41104
11944	1.41121
11945	1.4114
11946	1.41159
11947	1.41176
11948	1.41191
11949	1.4121
11950	1.41228
11951	1.40684
11952	1.40685
11953	1.40678
11954	1.40662
11955	1.40653
11956	1.40641
11957	1.4063
11958	1.40625
11959	1.40612
11960	1.40603
11961	1.41852
11962	1.41851
11963	1.41845
11964	1.41839
11965	1.41841
11966	1.41847
11967	1.41853
11968	1.41862
11969	1.41869
11970	1.41877
11971	1.40451
11972	1.40454
11973	1.40458
11974	1.40454
11975	1.40455
11976	1.40451
11977	1.40445
11978	1.40441
11979	1.40436
11980	1.40424
11981	1.4062
11982	1.40615
11983	1.40613
11984	1.40608
11985	1.40605
11986	1.40602
11987	1.40603
11988	1.40602
11989	1.40605
11990	1.40606
11991	1.41677
11992	1.41678
11993	1.41673
11994	1.41662
11995	1.41654
11996	1.41649
11997	1.41643
11998	1.41642
11999	1.41634
12000	1.41621
12001	1.40916
12002	1.40903
12003	1.40895
12004	1.40892
12005	1.40894
12006	1.40904
12007	1.40914
12008	1.40926
12009	1.40941
12010	1.40955
12011	1.41228
12012	1.41235
12013	1.41244
12014	1.41252
12015	1.41258
12016	1.41269
12017	1.41282
12018	1.41292
12019	1.41301
12020	1.41306
12021	1.4122
12022	1.41219
12023	1.41212
12024	1.41199
12025	1.41186
12026	1.41176
12027	1.41167
12028	1.41155
12029	1.41143
12030	1.41135
12031	1.41765
12032	1.41763
12033	1.41755
12034	1.41745
12035	1.41734
12036	1.41719
12037	1.41703
12038	1.41689
12039	1.41686
12040	1.41689
12041	1.41868
12042	1.41876
12043	1.41891
12044	1.41909
12045	1.41931
12046	1.41958
12047	1.41984
12048	1.4202
12049	1.4206
12050	1.42094
12051	1.42268
12052	1.42283
12053	1.42294
12054	1.42301
12055	1.42301
12056	1.42299
12057	1.42292
12058	1.42281
12059	1.4227
12060	1.42255
12061	1.41292
12062	1.41271
12063	1.41244
12064	1.41215
12065	1.41191
12066	1.41167
12067	1.41141
12068	1.41118
12069	1.41094
12070	1.41075
12071	1.41529
12072	1.41518
12073	1.41521
12074	1.41534
12075	1.41547
12076	1.41561
12077	1.4157
12078	1.41586
12079	1.41599
12080	1.41613
12081	1.41276
12082	1.41285
12083	1.41295
12084	1.41298
12085	1.41306
12086	1.4131
12087	1.41315
12088	1.41322
12089	1.41324
12090	1.41321
12091	1.41337
12092	1.41326
12093	1.4131
12094	1.41297
12095	1.41279
12096	1.41262
12097	1.41248
12098	1.41234
12099	1.41219
12100	1.41206
12101	1.40638
12102	1.40626
12103	1.40622
12104	1.40623
12105	1.4062
12106	1.4062
12107	1.4062
12108	1.40619
12109	1.40629
12110	1.4064
12111	1.40664
12112	1.4067
12113	1.40677
12114	1.4069
12115	1.40711
12116	1.40733
12117	1.40749
12118	1.40768
12119	1.40787
12120	1.40801
12121	1.41349
12122	1.41344
12123	1.41343
12124	1.4134
12125	1.41336
12126	1.41328
12127	1.41313
12128	1.41298
12129	1.4127
12130	1.4125
12131	1.41232
12132	1.41228
12133	1.41226
12134	1.41235
12135	1.41246
12136	1.41253
12137	1.41263
12138	1.41276
12139	1.41288
12140	1.41289
12141	1.40964
12142	1.4097
12143	1.40984
12144	1.41003
12145	1.41021
12146	1.41043
12147	1.41068
12148	1.41093
12149	1.41122
12150	1.41144
12151	1.40739
12152	1.40745
12153	1.40747
12154	1.40744
12155	1.40746
12156	1.40752
12157	1.4076
12158	1.4076
12159	1.40754
12160	1.40752
12161	1.40793
12162	1.40782
12163	1.40763
12164	1.40748
12165	1.40736
12166	1.40723
12167	1.40721
12168	1.40725
12169	1.40726
12170	1.40726
12171	1.40318
12172	1.40322
12173	1.40324
12174	1.40326
12175	1.40324
12176	1.40318
12177	1.40315
12178	1.4031
12179	1.40307
12180	1.40304
12181	1.40873
12182	1.40875
12183	1.40876
12184	1.40878
12185	1.40876
12186	1.4087
12187	1.40859
12188	1.40854
12189	1.40846
12190	1.40841
12191	1.39744
12192	1.3974
12193	1.39732
12194	1.39724
12195	1.39717
12196	1.3971
12197	1.39706
12198	1.39707
12199	1.39709
12200	1.39715
12201	1.41328
12202	1.41333
12203	1.41328
12204	1.41321
12205	1.41307
12206	1.41297
12207	1.41286
12208	1.41279
12209	1.41267
12210	1.4125
12211	1.39832
12212	1.39814
12213	1.39804
12214	1.39799
12215	1.39798
12216	1.39799
12217	1.39806
12218	1.39809
12219	1.39812
12220	1.3983
12221	1.39774
12222	1.39794
12223	1.39811
12224	1.39824
12225	1.3983
12226	1.39835
12227	1.39843
12228	1.39847
12229	1.39854
12230	1.39858
12231	1.40985
12232	1.40984
12233	1.40981
12234	1.4097
12235	1.40954
12236	1.40949
12237	1.40943
12238	1.40935
12239	1.40925
12240	1.40913
12241	1.39638
12242	1.39627
12243	1.39616
12244	1.39608
12245	1.396
12246	1.39598
12247	1.39595
12248	1.3959
12249	1.39589
12250	1.39591
12251	1.40707
12252	1.40709
12253	1.40708
12254	1.40708
12255	1.40711
12256	1.40719
12257	1.40721
12258	1.40725
12259	1.40728
12260	1.40732
12261	1.41841
12262	1.41851
12263	1.41864
12264	1.41879
12265	1.41898
12266	1.41929
12267	1.4196
12268	1.41989
12269	1.42017
12270	1.42042
12271	1.40247
12272	1.40265
12273	1.40274
12274	1.40273
12275	1.40264
12276	1.40248
12277	1.40224
12278	1.40204
12279	1.40182
12280	1.40159
12281	1.40994
12282	1.40966
12283	1.40936
12284	1.40915
12285	1.40897
12286	1.40877
12287	1.40867
12288	1.40864
12289	1.40862
12290	1.40868
12291	1.40181
12292	1.40194
12293	1.40212
12294	1.40227
12295	1.40243
12296	1.40261
12297	1.40282
12298	1.40304
12299	1.40313
12300	1.40321
12301	1.40194
12302	1.40197
12303	1.40197
12304	1.40201
12305	1.40206
12306	1.40214
12307	1.40219
12308	1.40222
12309	1.4022
12310	1.40221
12311	1.39809
12312	1.39801
12313	1.39794
12314	1.39794
12315	1.398
12316	1.39807
12317	1.39815
12318	1.39825
12319	1.39832
12320	1.39839
12321	1.40062
12322	1.40064
12323	1.40063
12324	1.40061
12325	1.40057
12326	1.40047
12327	1.40036
12328	1.4002
12329	1.40004
12330	1.39984
12331	1.38523
12332	1.38507
12333	1.38497
12334	1.3848
12335	1.38466
12336	1.38461
12337	1.38456
12338	1.38454
12339	1.38457
12340	1.38459
12341	1.39623
12342	1.39626
12343	1.39631
12344	1.39635
12345	1.39637
12346	1.39633
12347	1.39628
12348	1.3962
12349	1.39614
12350	1.3961
12351	1.39894
12352	1.3989
12353	1.39887
12354	1.39886
12355	1.39887
12356	1.39896
12357	1.39904
12358	1.39915
12359	1.39935
12360	1.39953
12361	1.38767
12362	1.38774
12363	1.38777
12364	1.38779
12365	1.38786
12366	1.38791
12367	1.38795
12368	1.38792
12369	1.38787
12370	1.38783
12371	1.39318
12372	1.3931
12373	1.39298
12374	1.3929
12375	1.39284
12376	1.3928
12377	1.39286
12378	1.39299
12379	1.39315
12380	1.39336
12381	1.39484
12382	1.39499
12383	1.39511
12384	1.39515
12385	1.39515
12386	1.39508
12387	1.39501
12388	1.39493
12389	1.39489
12390	1.39489
12391	1.39342
12392	1.39337
12393	1.39331
12394	1.39328
12395	1.39324
12396	1.39319
12397	1.39312
12398	1.39304
12399	1.39294
12400	1.39281
12401	1.39477
12402	1.39464
12403	1.39457
12404	1.39451
12405	1.39452
12406	1.39459
12407	1.39471
12408	1.39485
12409	1.39495
12410	1.39509
12411	1.3918
12412	1.39187
12413	1.39186
12414	1.39187
12415	1.39192
12416	1.39196
12417	1.392
12418	1.39199
12419	1.39195
12420	1.39195
12421	1.38207
12422	1.3821
12423	1.38212
12424	1.3821
12425	1.3821
12426	1.38208
12427	1.38208
12428	1.38207
12429	1.38203
12430	1.38201
12431	1.38941
12432	1.38946
12433	1.38953
12434	1.38967
12435	1.38978
12436	1.38989
12437	1.39
12438	1.39004
12439	1.39013
12440	1.39022
12441	1.39364
12442	1.39373
12443	1.39383
12444	1.39398
12445	1.39406
12446	1.39405
12447	1.39399
12448	1.39386
12449	1.39371
12450	1.39352
12451	1.39382
12452	1.39372
12453	1.3936
12454	1.39351
12455	1.39345
12456	1.39338
12457	1.39328
12458	1.39327
12459	1.39332
12460	1.39335
12461	1.3849
12462	1.38491
12463	1.38494
12464	1.38496
12465	1.38498
12466	1.3851
12467	1.38515
12468	1.38516
12469	1.38512
12470	1.38506
12471	1.39606
12472	1.39595
12473	1.39586
12474	1.39576
12475	1.3956
12476	1.39542
12477	1.3953
12478	1.39517
12479	1.39498
12480	1.39476
12481	1.38211
12482	1.38197
12483	1.38186
12484	1.3818
12485	1.38178
12486	1.38186
12487	1.38195
12488	1.38203
12489	1.38206
12490	1.38207
12491	1.3907
12492	1.39083
12493	1.39088
12494	1.3909
12495	1.39091
12496	1.39095
12497	1.39104
12498	1.39115
12499	1.39133
12500	1.39148
12501	1.38939
12502	1.38951
12503	1.3896
12504	1.38964
12505	1.38965
12506	1.38966
12507	1.38962
12508	1.3896
12509	1.38956
12510	1.38955
12511	1.38592
12512	1.38597
12513	1.38597
12514	1.38603
12515	1.38614
12516	1.38626
12517	1.38639
12518	1.38657
12519	1.38665
12520	1.38674
12521	1.39373
12522	1.39371
12523	1.39368
12524	1.3937
12525	1.39373
12526	1.39381
12527	1.39394
12528	1.39404
12529	1.39405
12530	1.39409
12531	1.38279
12532	1.38285
12533	1.38288
12534	1.38295
12535	1.38303
12536	1.38315
12537	1.38323
12538	1.38327
12539	1.38327
12540	1.38326
12541	1.39539
12542	1.3952
12543	1.39501
12544	1.39475
12545	1.39451
12546	1.39432
12547	1.39417
12548	1.39403
12549	1.39384
12550	1.39367
12551	1.40031
12552	1.40019
12553	1.40007
12554	1.4
12555	1.39999
12556	1.39999
12557	1.4
12558	1.39999
12559	1.39999
12560	1.4
12561	1.39086
12562	1.39102
12563	1.39134
12564	1.39161
12565	1.39184
12566	1.39206
12567	1.39219
12568	1.39231
12569	1.39239
12570	1.39246
12571	1.38996
12572	1.38996
12573	1.39001
12574	1.39008
12575	1.39022
12576	1.39038
12577	1.39052
12578	1.39059
12579	1.39069
12580	1.39076
12581	1.39305
12582	1.39313
12583	1.39323
12584	1.39332
12585	1.39334
12586	1.39332
12587	1.39334
12588	1.39344
12589	1.39347
12590	1.39348
12591	1.40064
12592	1.40058
12593	1.40051
12594	1.4004
12595	1.40018
12596	1.40003
12597	1.3999
12598	1.39983
12599	1.39985
12600	1.39986
12601	1.3915
12602	1.39154
12603	1.3916
12604	1.39172
12605	1.39187
12606	1.39204
12607	1.39218
12608	1.39236
12609	1.39249
12610	1.39258
12611	1.38525
12612	1.38535
12613	1.38546
12614	1.38551
12615	1.38551
12616	1.38548
12617	1.38537
12618	1.38521
12619	1.38504
12620	1.38488
12621	1.38814
12622	1.388
12623	1.38792
12624	1.38787
12625	1.38782
12626	1.38789
12627	1.38794
12628	1.38804
12629	1.38817
12630	1.38828
12631	1.38615
12632	1.38617
12633	1.38623
12634	1.38625
12635	1.38626
12636	1.38623
12637	1.38612
12638	1.38603
12639	1.3859
12640	1.38577
12641	1.3915
12642	1.39137
12643	1.39119
12644	1.39101
12645	1.39085
12646	1.3907
12647	1.39061
12648	1.39051
12649	1.39045
12650	1.39042
12651	1.38651
12652	1.3864
12653	1.38631
12654	1.38626
12655	1.38617
12656	1.38606
12657	1.38592
12658	1.38585
12659	1.38583
12660	1.38587
12661	1.38722
12662	1.38727
12663	1.38727
12664	1.38726
12665	1.38729
12666	1.38729
12667	1.3873
12668	1.38739
12669	1.3875
12670	1.38763
12671	1.39082
12672	1.39089
12673	1.39099
12674	1.3911
12675	1.39116
12676	1.39121
12677	1.39121
12678	1.39125
12679	1.39127
12680	1.39131
12681	1.39153
12682	1.39151
12683	1.39148
12684	1.39151
12685	1.39154
12686	1.39155
12687	1.39152
12688	1.39147
12689	1.39142
12690	1.39137
12691	1.39579
12692	1.39571
12693	1.39552
12694	1.3953
12695	1.39509
12696	1.39493
12697	1.39482
12698	1.39473
12699	1.39475
12700	1.39478
12701	1.38782
12702	1.38791
12703	1.38808
12704	1.38828
12705	1.38849
12706	1.38876
12707	1.38904
12708	1.38929
12709	1.38957
12710	1.38985
12711	1.38881
12712	1.38899
12713	1.38912
12714	1.3892
12715	1.38924
12716	1.3892
12717	1.38914
12718	1.38895
12719	1.38867
12720	1.38832
12721	1.39156
12722	1.3912
12723	1.3909
12724	1.39066
12725	1.39048
12726	1.39034
12727	1.39016
12728	1.38999
12729	1.38982
12730	1.38972
12731	1.38501
12732	1.38507
12733	1.38519
12734	1.38533
12735	1.38549
12736	1.38573
12737	1.38591
12738	1.3861
12739	1.38625
12740	1.38635
12741	1.39006
12742	1.39017
12743	1.39033
12744	1.39049
12745	1.39063
12746	1.39076
12747	1.39088
12748	1.3909
12749	1.39085
12750	1.39074
12751	1.39776
12752	1.39762
12753	1.39745
12754	1.39725
12755	1.39706
12756	1.39683
12757	1.39668
12758	1.39652
12759	1.39636
12760	1.39624
12761	1.38721
12762	1.3871
12763	1.38701
12764	1.387
12765	1.38701
12766	1.38702
12767	1.38703
12768	1.38701
12769	1.38699
12770	1.38695
12771	1.39579
12772	1.39588
12773	1.39602
12774	1.39612
12775	1.39622
12776	1.39626
12777	1.39628
12778	1.39633
12779	1.39644
12780	1.39648
12781	1.39538
12782	1.39535
12783	1.39535
12784	1.39527
12785	1.39524
12786	1.39515
12787	1.39511
12788	1.39508
12789	1.39505
12790	1.39512
12791	1.40432
12792	1.4044
12793	1.40452
12794	1.40459
12795	1.40465
12796	1.40477
12797	1.4049
12798	1.40503
12799	1.40511
12800	1.40512
12801	1.39883
12802	1.39878
12803	1.39881
12804	1.39884
12805	1.39886
12806	1.39887
12807	1.39886
12808	1.39883
12809	1.39875
12810	1.39871
12811	1.40016
12812	1.40009
12813	1.40001
12814	1.39991
12815	1.3999
12816	1.39988
12817	1.39992
12818	1.39995
12819	1.39996
12820	1.39994
12821	1.39893
12822	1.39897
12823	1.39901
12824	1.39906
12825	1.39919
12826	1.39933
12827	1.39945
12828	1.39952
12829	1.39964
12830	1.39973
12831	1.39554
12832	1.39567
12833	1.39578
12834	1.3958
12835	1.39579
12836	1.39578
12837	1.39574
12838	1.39569
12839	1.39565
12840	1.39564
12841	1.3932
12842	1.39332
12843	1.39347
12844	1.39353
12845	1.3936
12846	1.39368
12847	1.39369
12848	1.39369
12849	1.39368
12850	1.39367
12851	1.38593
12852	1.3859
12853	1.38587
12854	1.38587
12855	1.38584
12856	1.38584
12857	1.38588
12858	1.38593
12859	1.38593
12860	1.38601
12861	1.39488
12862	1.39495
12863	1.39501
12864	1.39499
12865	1.39495
12866	1.39484
12867	1.39468
12868	1.39451
12869	1.3943
12870	1.39411
12871	1.38863
12872	1.38842
12873	1.38818
12874	1.38795
12875	1.38769
12876	1.38741
12877	1.38712
12878	1.38688
12879	1.38667
12880	1.38649
12881	1.39686
12882	1.39682
12883	1.39684
12884	1.39704
12885	1.39744
12886	1.39788
12887	1.39838
12888	1.3988
12889	1.3991
12890	1.39927
12891	1.39667
12892	1.39682
12893	1.39686
12894	1.39688
12895	1.3969
12896	1.39691
12897	1.39687
12898	1.3969
12899	1.39694
12900	1.397
12901	1.40865
12902	1.40866
12903	1.40853
12904	1.40843
12905	1.4083
12906	1.40812
12907	1.40787
12908	1.4077
12909	1.40757
12910	1.40743
12911	1.40199
12912	1.4019
12913	1.40183
12914	1.40173
12915	1.40164
12916	1.40161
12917	1.40157
12918	1.4015
12919	1.40138
12920	1.40128
12921	1.41502
12922	1.41489
12923	1.41477
12924	1.41476
12925	1.41482
12926	1.41491
12927	1.41509
12928	1.41521
12929	1.41535
12930	1.41551
12931	1.39877
12932	1.39891
12933	1.39908
12934	1.39922
12935	1.3993
12936	1.39932
12937	1.39934
12938	1.39932
12939	1.3993
12940	1.39929
12941	1.3829
12942	1.3828
12943	1.38264
12944	1.3825
12945	1.38247
12946	1.38234
12947	1.3822
12948	1.38205
12949	1.38187
12950	1.38176
12951	1.39118
12952	1.39113
12953	1.39108
12954	1.39105
12955	1.39104
12956	1.39104
12957	1.39099
12958	1.39094
12959	1.39094
12960	1.39094
12961	1.38182
12962	1.38183
12963	1.38191
12964	1.38202
12965	1.38216
12966	1.38235
12967	1.38245
12968	1.38255
12969	1.38263
12970	1.38275
12971	1.3942
12972	1.39429
12973	1.39428
12974	1.3943
12975	1.39431
12976	1.39429
12977	1.39424
12978	1.3942
12979	1.39426
12980	1.39432
12981	1.39576
12982	1.39583
12983	1.3959
12984	1.39593
12985	1.39599
12986	1.39602
12987	1.39607
12988	1.39608
12989	1.39606
12990	1.39602
12991	1.40402
12992	1.40399
12993	1.40399
12994	1.40398
12995	1.40395
12996	1.40388
12997	1.40377
12998	1.40359
12999	1.40351
13000	1.40341
13001	1.38994
13002	1.38992
13003	1.38999
13004	1.39003
13005	1.39013
13006	1.39025
13007	1.39039
13008	1.39051
13009	1.3906
13010	1.39064
13011	1.38859
13012	1.3886
13013	1.38856
13014	1.38856
13015	1.38849
13016	1.3884
13017	1.38829
13018	1.38811
13019	1.38798
13020	1.38792
13021	1.39561
13022	1.39565
13023	1.3957
13024	1.39575
13025	1.39582
13026	1.39583
13027	1.39585
13028	1.39589
13029	1.39589
13030	1.39585
13031	1.39423
13032	1.39412
13033	1.39398
13034	1.39375
13035	1.39356
13036	1.39337
13037	1.39321
13038	1.39311
13039	1.39302
13040	1.39297
13041	1.40218
13042	1.40222
13043	1.40225
13044	1.40226
13045	1.4023
13046	1.40238
13047	1.40246
13048	1.40252
13049	1.40257
13050	1.40266
13051	1.40413
13052	1.40415
13053	1.40418
13054	1.40425
13055	1.40426
13056	1.40427
13057	1.40422
13058	1.40411
13059	1.40402
13060	1.40392
13061	1.3949
13062	1.39487
13063	1.39482
13064	1.39488
13065	1.39498
13066	1.39511
13067	1.3952
13068	1.39535
13069	1.3955
13070	1.39554
13071	1.40566
13072	1.40563
13073	1.40557
13074	1.40551
13075	1.40547
13076	1.40536
13077	1.40525
13078	1.40516
13079	1.40503
13080	1.40501
13081	1.39773
13082	1.39773
13083	1.39784
13084	1.39798
13085	1.39812
13086	1.39835
13087	1.39847
13088	1.3986
13089	1.39873
13090	1.39885
13091	1.3989
13092	1.39895
13093	1.39901
13094	1.39909
13095	1.39914
13096	1.39916
13097	1.39913
13098	1.39904
13099	1.39892
13100	1.39877
13101	1.41199
13102	1.41182
13103	1.4117
13104	1.41153
13105	1.41141
13106	1.41137
13107	1.41131
13108	1.41131
13109	1.41132
13110	1.41138
13111	1.39934
13112	1.39945
13113	1.39951
13114	1.39953
13115	1.39957
13116	1.39965
13117	1.39977
13118	1.39982
13119	1.39985
13120	1.39985
13121	1.39767
13122	1.39767
13123	1.39764
13124	1.39759
13125	1.39753
13126	1.3975
13127	1.39745
13128	1.39751
13129	1.39763
13130	1.39779
13131	1.38633
13132	1.38651
13133	1.38666
13134	1.38688
13135	1.38705
13136	1.38718
13137	1.38732
13138	1.38746
13139	1.38759
13140	1.38768
13141	1.39621
13142	1.39619
13143	1.39611
13144	1.39597
13145	1.39579
13146	1.39553
13147	1.39532
13148	1.39507
13149	1.39489
13150	1.39473
13151	1.399
13152	1.39882
13153	1.39862
13154	1.39847
13155	1.39836
13156	1.3983
13157	1.39825
13158	1.39825
13159	1.39823
13160	1.39819
13161	1.39124
13162	1.39131
13163	1.39133
13164	1.39142
13165	1.39154
13166	1.39169
13167	1.39183
13168	1.39195
13169	1.39208
13170	1.39226
13171	1.38978
13172	1.38999
13173	1.39012
13174	1.39017
13175	1.39014
13176	1.3901
13177	1.39004
13178	1.38995
13179	1.38974
13180	1.38954
13181	1.39966
13182	1.3994
13183	1.39908
13184	1.39874
13185	1.39843
13186	1.3982
13187	1.39796
13188	1.39776
13189	1.39756
13190	1.39741
13191	1.40022
13192	1.40011
13193	1.40003
13194	1.40002
13195	1.4
13196	1.39999
13197	1.40002
13198	1.40012
13199	1.40023
13200	1.40027
13201	1.39676
13202	1.39675
13203	1.39684
13204	1.39687
13205	1.39685
13206	1.39685
13207	1.39686
13208	1.39694
13209	1.39706
13210	1.39713
13211	1.39382
13212	1.39388
13213	1.39387
13214	1.3938
13215	1.39378
13216	1.39376
13217	1.39377
13218	1.39378
13219	1.39383
13220	1.39389
13221	1.39126
13222	1.39129
13223	1.39129
13224	1.39126
13225	1.39125
13226	1.39118
13227	1.39113
13228	1.3911
13229	1.39105
13230	1.391
13231	1.3883
13232	1.38826
13233	1.38815
13234	1.38804
13235	1.38808
13236	1.38811
13237	1.38814
13238	1.38826
13239	1.38839
13240	1.38851
13241	1.38612
13242	1.38622
13243	1.38626
13244	1.38625
13245	1.38623
13246	1.38619
13247	1.38615
13248	1.38606
13249	1.38597
13250	1.38589
13251	1.39017
13252	1.39005
13253	1.38993
13254	1.38987
13255	1.38991
13256	1.38994
13257	1.38997
13258	1.38997
13259	1.38993
13260	1.38994
13261	1.38665
13262	1.38667
13263	1.38672
13264	1.38674
13265	1.38681
13266	1.38689
13267	1.38703
13268	1.38718
13269	1.38729
13270	1.38739
13271	1.39147
13272	1.39147
13273	1.39135
13274	1.39117
13275	1.391
13276	1.39087
13277	1.39075
13278	1.39061
13279	1.39046
13280	1.39031
13281	1.38477
13282	1.38462
13283	1.38453
13284	1.38447
13285	1.38443
13286	1.38451
13287	1.3847
13288	1.38496
13289	1.38522
13290	1.38548
13291	1.38327
13292	1.38349
13293	1.38371
13294	1.38389
13295	1.38405
13296	1.38425
13297	1.38441
13298	1.38459
13299	1.38476
13300	1.38494
13301	1.39779
13302	1.39783
13303	1.3978
13304	1.39771
13305	1.39761
13306	1.39748
13307	1.39731
13308	1.39715
13309	1.39703
13310	1.39694
13311	1.39145
13312	1.39133
13313	1.39115
13314	1.391
13315	1.39087
13316	1.39072
13317	1.39056
13318	1.39035
13319	1.39013
13320	1.38993
13321	1.39736
13322	1.39722
13323	1.39711
13324	1.39713
13325	1.39716
13326	1.39738
13327	1.39758
13328	1.39779
13329	1.39802
13330	1.39834
13331	1.37778
13332	1.37809
13333	1.37828
13334	1.37838
13335	1.37844
13336	1.37844
13337	1.37835
13338	1.37826
13339	1.3782
13340	1.37808
13341	1.3788
13342	1.3787
13343	1.37855
13344	1.37842
13345	1.37833
13346	1.37831
13347	1.37826
13348	1.37826
13349	1.37829
13350	1.37832
13351	1.38394
13352	1.38395
13353	1.38394
13354	1.38396
13355	1.38396
13356	1.38395
13357	1.38389
13358	1.38391
13359	1.3839
13360	1.38385
13361	1.37235
13362	1.37236
13363	1.37241
13364	1.3724
13365	1.37238
13366	1.3724
13367	1.37235
13368	1.37231
13369	1.37224
13370	1.37221
13371	1.37051
13372	1.37049
13373	1.3705
13374	1.37044
13375	1.37043
13376	1.37042
13377	1.3704
13378	1.37038
13379	1.37039
13380	1.37038
13381	1.37494
13382	1.37489
13383	1.37487
13384	1.37483
13385	1.37478
13386	1.37488
13387	1.37496
13388	1.37501
13389	1.37502
13390	1.37501
13391	1.39321
13392	1.3932
13393	1.3932
13394	1.39315
13395	1.39304
13396	1.39288
13397	1.39276
13398	1.39262
13399	1.39254
13400	1.39245
13401	1.37628
13402	1.3762
13403	1.37622
13404	1.37619
13405	1.3762
13406	1.37627
13407	1.37633
13408	1.37644
13409	1.37654
13410	1.37664
13411	1.37821
13412	1.37829
13413	1.37836
13414	1.37843
13415	1.37853
13416	1.37867
13417	1.37888
13418	1.37903
13419	1.37921
13420	1.37949
13421	1.37647
13422	1.37674
13423	1.37704
13424	1.37728
13425	1.37748
13426	1.37768
13427	1.37793
13428	1.37806
13429	1.37825
13430	1.37842
13431	1.37824
13432	1.37826
13433	1.3782
13434	1.37812
13435	1.37807
13436	1.37803
13437	1.37798
13438	1.37792
13439	1.37785
13440	1.37778
13441	1.37575
13442	1.37569
13443	1.37564
13444	1.3756
13445	1.37562
13446	1.37562
13447	1.37563
13448	1.3756
13449	1.37556
13450	1.37553
13451	1.37767
13452	1.37758
13453	1.37746
13454	1.37732
13455	1.37725
13456	1.37724
13457	1.37726
13458	1.37727
13459	1.37727
13460	1.3773
13461	1.37025
13462	1.37033
13463	1.3704
13464	1.37052
13465	1.3706
13466	1.37066
13467	1.37069
13468	1.37068
13469	1.37058
13470	1.37052
13471	1.36949
13472	1.36942
13473	1.36937
13474	1.36933
13475	1.36932
13476	1.36936
13477	1.36936
13478	1.36943
13479	1.36955
13480	1.36968
13481	1.3688
13482	1.3689
13483	1.36895
13484	1.36901
13485	1.36901
13486	1.36896
13487	1.36892
13488	1.36886
13489	1.3688
13490	1.36877
13491	1.38427
13492	1.38421
13493	1.38416
13494	1.384
13495	1.38381
13496	1.38359
13497	1.38345
13498	1.38332
13499	1.3832
13500	1.38313
13501	1.37501
13502	1.37511
13503	1.37522
13504	1.37536
13505	1.37556
13506	1.3758
13507	1.37601
13508	1.37622
13509	1.37642
13510	1.37661
13511	1.38449
13512	1.38455
13513	1.38459
13514	1.38458
13515	1.38455
13516	1.38448
13517	1.38445
13518	1.38447
13519	1.38448
13520	1.38445
13521	1.38709
13522	1.38713
13523	1.38718
13524	1.38728
13525	1.38741
13526	1.38751
13527	1.38755
13528	1.38754
13529	1.3875
13530	1.38743
13531	1.38965
13532	1.38953
13533	1.38943
13534	1.38933
13535	1.38923
13536	1.38909
13537	1.38897
13538	1.38886
13539	1.38887
13540	1.38894
13541	1.38431
13542	1.38452
13543	1.38472
13544	1.38491
13545	1.38508
13546	1.38528
13547	1.38542
13548	1.38554
13549	1.3857
13550	1.38583
13551	1.37879
13552	1.37888
13553	1.3789
13554	1.37879
13555	1.37863
13556	1.3784
13557	1.3782
13558	1.37799
13559	1.37777
13560	1.37754
13561	1.38206
13562	1.3818
13563	1.38156
13564	1.38134
13565	1.38113
13566	1.38104
13567	1.381
13568	1.38099
13569	1.381
13570	1.3811
13571	1.38054
13572	1.38079
13573	1.38114
13574	1.38147
13575	1.38188
13576	1.38229
13577	1.38262
13578	1.38296
13579	1.38331
13580	1.38352
13581	1.37558
13582	1.37567
13583	1.37564
13584	1.37549
13585	1.37526
13586	1.37499
13587	1.3747
13588	1.37443
13589	1.37418
13590	1.37393
13591	1.37946
13592	1.37947
13593	1.37957
13594	1.37971
13595	1.37991
13596	1.38011
13597	1.38024
13598	1.38041
13599	1.38057
13600	1.38076
13601	1.39147
13602	1.39158
13603	1.39166
13604	1.3916
13605	1.39149
13606	1.39138
13607	1.39121
13608	1.39097
13609	1.39066
13610	1.39033
13611	1.38129
13612	1.38096
13613	1.3807
13614	1.38047
13615	1.38026
13616	1.38004
13617	1.37986
13618	1.37978
13619	1.37974
13620	1.37976
13621	1.36419
13622	1.3642
13623	1.36426
13624	1.36434
13625	1.36446
13626	1.36459
13627	1.3647
13628	1.3648
13629	1.36483
13630	1.36486
13631	1.3784
13632	1.37841
13633	1.37843
13634	1.37842
13635	1.37838
13636	1.37831
13637	1.37828
13638	1.37826
13639	1.37828
13640	1.37835
13641	1.37567
13642	1.37582
13643	1.37595
13644	1.37613
13645	1.37624
13646	1.37638
13647	1.37657
13648	1.37671
13649	1.37688
13650	1.377
13651	1.37473
13652	1.37473
13653	1.37466
13654	1.37456
13655	1.37442
13656	1.37426
13657	1.37406
13658	1.37385
13659	1.37361
13660	1.37342
13661	1.37283
13662	1.37263
13663	1.37247
13664	1.37231
13665	1.37218
13666	1.37217
13667	1.37215
13668	1.37213
13669	1.37212
13670	1.37215
13671	1.37213
13672	1.37219
13673	1.37221
13674	1.37223
13675	1.37223
13676	1.37216
13677	1.37204
13678	1.3719
13679	1.37184
13680	1.37178
13681	1.3718
13682	1.37177
13683	1.37182
13684	1.37191
13685	1.37207
13686	1.37225
13687	1.37248
13688	1.37272
13689	1.37297
13690	1.37319
13691	1.36829
13692	1.36842
13693	1.36857
13694	1.36875
13695	1.36891
13696	1.36895
13697	1.36892
13698	1.3689
13699	1.36883
13700	1.36873
13701	1.37394
13702	1.37371
13703	1.37346
13704	1.37325
13705	1.37308
13706	1.37293
13707	1.37279
13708	1.37269
13709	1.37267
13710	1.3726
13711	1.36424
13712	1.36433
13713	1.36442
13714	1.36455
13715	1.36469
13716	1.36485
13717	1.3651
13718	1.36533
13719	1.36556
13720	1.36573
13721	1.36124
13722	1.36148
13723	1.36173
13724	1.36196
13725	1.36211
13726	1.36224
13727	1.36234
13728	1.3624
13729	1.36247
13730	1.36248
13731	1.3779
13732	1.37779
13733	1.37766
13734	1.37749
13735	1.37734
13736	1.37716
13737	1.37694
13738	1.37671
13739	1.37642
13740	1.37614
13741	1.36163
13742	1.3614
13743	1.36117
13744	1.36095
13745	1.36083
13746	1.36083
13747	1.3609
13748	1.36102
13749	1.36113
13750	1.36125
13751	1.36636
13752	1.36646
13753	1.36656
13754	1.36673
13755	1.36689
13756	1.36707
13757	1.36727
13758	1.36744
13759	1.36757
13760	1.36772
13761	1.37527
13762	1.3753
13763	1.37538
13764	1.3754
13765	1.37544
13766	1.37547
13767	1.37552
13768	1.37555
13769	1.37556
13770	1.37559
13771	1.36872
13772	1.36872
13773	1.36872
13774	1.36868
13775	1.36865
13776	1.36861
13777	1.36864
13778	1.36861
13779	1.36853
13780	1.36851
13781	1.37672
13782	1.37665
13783	1.37657
13784	1.37651
13785	1.37644
13786	1.37644
13787	1.3764
13788	1.37634
13789	1.37639
13790	1.37634
13791	1.38384
13792	1.3837
13793	1.38358
13794	1.38347
13795	1.3834
13796	1.38332
13797	1.38324
13798	1.38317
13799	1.38311
13800	1.38305
13801	1.3833
13802	1.38327
13803	1.38313
13804	1.38298
13805	1.38278
13806	1.38253
13807	1.38235
13808	1.38225
13809	1.38223
13810	1.38235
13811	1.37504
13812	1.37512
13813	1.37524
13814	1.37543
13815	1.3756
13816	1.37576
13817	1.37598
13818	1.3762
13819	1.37643
13820	1.37669
13821	1.38142
13822	1.38151
13823	1.38157
13824	1.38156
13825	1.38158
13826	1.3815
13827	1.38132
13828	1.38111
13829	1.38093
13830	1.38078
13831	1.36972
13832	1.36964
13833	1.36956
13834	1.36948
13835	1.36944
13836	1.36942
13837	1.36941
13838	1.36945
13839	1.36949
13840	1.36959
13841	1.39014
13842	1.39015
13843	1.39021
13844	1.39021
13845	1.39022
13846	1.39027
13847	1.39036
13848	1.39046
13849	1.39051
13850	1.39055
13851	1.37838
13852	1.37837
13853	1.37842
13854	1.37844
13855	1.37837
13856	1.37832
13857	1.37826
13858	1.37815
13859	1.37799
13860	1.37782
13861	1.38187
13862	1.38175
13863	1.38166
13864	1.38159
13865	1.38153
13866	1.38148
13867	1.38141
13868	1.38136
13869	1.38134
13870	1.38135
13871	1.3803
13872	1.38032
13873	1.38031
13874	1.38036
13875	1.38045
13876	1.38059
13877	1.38079
13878	1.38097
13879	1.38106
13880	1.38106
13881	1.38026
13882	1.3801
13883	1.37992
13884	1.37975
13885	1.37962
13886	1.37956
13887	1.37952
13888	1.37957
13889	1.37968
13890	1.37982
13891	1.36666
13892	1.36673
13893	1.36687
13894	1.36704
13895	1.36722
13896	1.36743
13897	1.36764
13898	1.3678
13899	1.3679
13900	1.36794
13901	1.38407
13902	1.38399
13903	1.38386
13904	1.38364
13905	1.3834
13906	1.38318
13907	1.38291
13908	1.38256
13909	1.38221
13910	1.38196
13911	1.36528
13912	1.36521
13913	1.36521
13914	1.36525
13915	1.36537
13916	1.36548
13917	1.36562
13918	1.36581
13919	1.36606
13920	1.36633
13921	1.36295
13922	1.36324
13923	1.36342
13924	1.36355
13925	1.36365
13926	1.3637
13927	1.3637
13928	1.36368
13929	1.36361
13930	1.36347
13931	1.37032
13932	1.37025
13933	1.37022
13934	1.37017
13935	1.37012
13936	1.37006
13937	1.36999
13938	1.36999
13939	1.36994
13940	1.36996
13941	1.37534
13942	1.37541
13943	1.37541
13944	1.3754
13945	1.37532
13946	1.37522
13947	1.37517
13948	1.37507
13949	1.37492
13950	1.37483
13951	1.37566
13952	1.37554
13953	1.37548
13954	1.37546
13955	1.37548
13956	1.37558
13957	1.37573
13958	1.37588
13959	1.376
13960	1.37616
13961	1.37636
13962	1.37647
13963	1.37656
13964	1.37665
13965	1.37675
13966	1.37675
13967	1.37675
13968	1.37667
13969	1.37658
13970	1.37646
13971	1.38455
13972	1.38442
13973	1.38427
13974	1.38406
13975	1.3839
13976	1.38377
13977	1.38366
13978	1.38359
13979	1.38359
13980	1.38361
13981	1.38445
13982	1.38453
13983	1.38455
13984	1.3845
13985	1.38445
13986	1.38441
13987	1.38433
13988	1.38425
13989	1.38422
13990	1.38421
13991	1.37106
13992	1.37106
13993	1.37115
13994	1.37126
13995	1.37141
13996	1.37154
13997	1.37164
13998	1.37174
13999	1.37187
14000	1.37203
14001	1.372
14002	1.37217
14003	1.37234
14004	1.37245
14005	1.37257
14006	1.37267
14007	1.37278
14008	1.3729
14009	1.37296
14010	1.37299
14011	1.36394
14012	1.36392
14013	1.36389
14014	1.3638
14015	1.36367
14016	1.36351
14017	1.36337
14018	1.36319
14019	1.36306
14020	1.36293
14021	1.36976
14022	1.36961
14023	1.3695
14024	1.36941
14025	1.3693
14026	1.36924
14027	1.36918
14028	1.36916
14029	1.36931
14030	1.36948
14031	1.37704
14032	1.37717
14033	1.37738
14034	1.37761
14035	1.37782
14036	1.37803
14037	1.37819
14038	1.37831
14039	1.37845
14040	1.3785
14041	1.38049
14042	1.38046
14043	1.38038
14044	1.3803
14045	1.38022
14046	1.38007
14047	1.37988
14048	1.37962
14049	1.37933
14050	1.37906
14051	1.37272
14052	1.37249
14053	1.37229
14054	1.37212
14055	1.37196
14056	1.37186
14057	1.37174
14058	1.37167
14059	1.3716
14060	1.37157
14061	1.37563
14062	1.37574
14063	1.3759
14064	1.37608
14065	1.37626
14066	1.37643
14067	1.37659
14068	1.37679
14069	1.37694
14070	1.37704
14071	1.37578
14072	1.37573
14073	1.37558
14074	1.37543
14075	1.37529
14076	1.37512
14077	1.37492
14078	1.37475
14079	1.37457
14080	1.37438
14081	1.37403
14082	1.37391
14083	1.37384
14084	1.37392
14085	1.37405
14086	1.37436
14087	1.37469
14088	1.37503
14089	1.3754
14090	1.37562
14091	1.36562
14092	1.36578
14093	1.36597
14094	1.36619
14095	1.36634
14096	1.36649
14097	1.36661
14098	1.36666
14099	1.36666
14100	1.36657
14101	1.37205
14102	1.37185
14103	1.37155
14104	1.37128
14105	1.37101
14106	1.37073
14107	1.37053
14108	1.37031
14109	1.37007
14110	1.36985
14111	1.37488
14112	1.37467
14113	1.37456
14114	1.37455
14115	1.37454
14116	1.37457
14117	1.37462
14118	1.3747
14119	1.37476
14120	1.37483
14121	1.375
14122	1.3751
14123	1.37522
14124	1.37533
14125	1.37542
14126	1.37542
14127	1.37552
14128	1.37569
14129	1.37587
14130	1.37604
14131	1.36658
14132	1.36667
14133	1.36676
14134	1.36679
14135	1.36677
14136	1.3668
14137	1.36676
14138	1.36678
14139	1.36676
14140	1.36679
14141	1.37402
14142	1.37402
14143	1.37397
14144	1.37388
14145	1.37376
14146	1.37356
14147	1.37331
14148	1.37303
14149	1.37276
14150	1.37252
14151	1.35746
14152	1.35737
14153	1.35727
14154	1.35729
14155	1.35736
14156	1.35741
14157	1.3575
14158	1.3576
14159	1.35773
14160	1.35792
14161	1.37877
14162	1.37908
14163	1.37947
14164	1.3799
14165	1.38024
14166	1.3805
14167	1.38066
14168	1.38079
14169	1.38089
14170	1.38094
14171	1.37298
14172	1.37297
14173	1.37294
14174	1.37283
14175	1.37268
14176	1.37248
14177	1.37224
14178	1.37202
14179	1.3718
14180	1.37158
14181	1.37111
14182	1.37089
14183	1.37071
14184	1.37054
14185	1.37037
14186	1.37023
14187	1.37011
14188	1.37001
14189	1.36989
14190	1.36975
14191	1.37644
14192	1.37637
14193	1.37636
14194	1.37638
14195	1.37641
14196	1.37644
14197	1.37658
14198	1.3767
14199	1.37681
14200	1.37694
14201	1.37732
14202	1.37751
14203	1.37765
14204	1.37783
14205	1.37807
14206	1.3783
14207	1.37852
14208	1.37869
14209	1.37879
14210	1.37882
14211	1.37358
14212	1.37346
14213	1.37321
14214	1.37293
14215	1.3726
14216	1.37227
14217	1.37195
14218	1.37169
14219	1.37151
14220	1.37136
14221	1.38173
14222	1.38175
14223	1.38188
14224	1.38203
14225	1.38212
14226	1.38226
14227	1.38237
14228	1.38251
14229	1.38258
14230	1.38271
14231	1.3841
14232	1.3842
14233	1.38433
14234	1.38444
14235	1.38449
14236	1.38451
14237	1.38452
14238	1.38453
14239	1.38453
14240	1.38456
14241	1.37897
14242	1.37901
14243	1.37899
14244	1.3789
14245	1.37877
14246	1.37863
14247	1.37848
14248	1.37832
14249	1.37816
14250	1.37803
14251	1.37668
14252	1.3766
14253	1.37655
14254	1.37648
14255	1.37632
14256	1.37619
14257	1.37611
14258	1.37605
14259	1.37602
14260	1.376
14261	1.37457
14262	1.3746
14263	1.37458
14264	1.37452
14265	1.37447
14266	1.3744
14267	1.37443
14268	1.37445
14269	1.37446
14270	1.37456
14271	1.37058
14272	1.37071
14273	1.37086
14274	1.37101
14275	1.37111
14276	1.3712
14277	1.3713
14278	1.37137
14279	1.37146
14280	1.3715
14281	1.37056
14282	1.37055
14283	1.37049
14284	1.37045
14285	1.37038
14286	1.37032
14287	1.37028
14288	1.37025
14289	1.37025
14290	1.37023
14291	1.38201
14292	1.38201
14293	1.382
14294	1.38195
14295	1.38188
14296	1.38172
14297	1.38157
14298	1.38141
14299	1.38122
14300	1.38103
14301	1.36533
14302	1.36528
14303	1.36533
14304	1.36544
14305	1.36562
14306	1.36582
14307	1.36605
14308	1.3663
14309	1.36655
14310	1.36685
14311	1.38229
14312	1.38252
14313	1.38271
14314	1.38283
14315	1.3829
14316	1.38277
14317	1.38262
14318	1.3825
14319	1.38239
14320	1.38225
14321	1.38226
14322	1.38211
14323	1.38206
14324	1.38203
14325	1.38205
14326	1.3821
14327	1.38217
14328	1.38219
14329	1.38217
14330	1.3821
14331	1.38677
14332	1.38662
14333	1.38643
14334	1.38627
14335	1.38619
14336	1.38613
14337	1.38606
14338	1.38598
14339	1.38591
14340	1.38585
14341	1.36638
14342	1.36636
14343	1.36633
14344	1.36634
14345	1.36632
14346	1.36632
14347	1.36639
14348	1.36653
14349	1.36669
14350	1.36693
14351	1.37157
14352	1.37184
14353	1.37212
14354	1.37234
14355	1.3725
14356	1.37266
14357	1.37276
14358	1.37287
14359	1.37292
14360	1.37293
14361	1.37281
14362	1.37275
14363	1.37271
14364	1.37266
14365	1.37256
14366	1.37248
14367	1.37234
14368	1.37221
14369	1.3721
14370	1.37202
14371	1.36147
14372	1.36136
14373	1.36132
14374	1.36133
14375	1.36137
14376	1.36148
14377	1.3616
14378	1.36179
14379	1.36204
14380	1.36233
14381	1.37141
14382	1.37176
14383	1.37206
14384	1.37234
14385	1.37254
14386	1.37267
14387	1.37267
14388	1.37261
14389	1.37258
14390	1.37253
14391	1.37955
14392	1.37948
14393	1.37933
14394	1.37919
14395	1.379
14396	1.37882
14397	1.37866
14398	1.37849
14399	1.37834
14400	1.37815
14401	1.37345
14402	1.37324
14403	1.37303
14404	1.3729
14405	1.37279
14406	1.37272
14407	1.37265
14408	1.37265
14409	1.37263
14410	1.37264
14411	1.3683
14412	1.36838
14413	1.36842
14414	1.36838
14415	1.36838
14416	1.3684
14417	1.36843
14418	1.36847
14419	1.3686
14420	1.36865
14421	1.37171
14422	1.37168
14423	1.37163
14424	1.37152
14425	1.37141
14426	1.37134
14427	1.37129
14428	1.37127
14429	1.37133
14430	1.37142
14431	1.36526
14432	1.36541
14433	1.36552
14434	1.36561
14435	1.3657
14436	1.36574
14437	1.36569
14438	1.36562
14439	1.3655
14440	1.36542
14441	1.3613
14442	1.36126
14443	1.36132
14444	1.36138
14445	1.36143
14446	1.36148
14447	1.36147
14448	1.36151
14449	1.36156
14450	1.36162
14451	1.36189
14452	1.36202
14453	1.36212
14454	1.36226
14455	1.3624
14456	1.36251
14457	1.36264
14458	1.36281
14459	1.36295
14460	1.36301
14461	1.36551
14462	1.36549
14463	1.36545
14464	1.36534
14465	1.36524
14466	1.36511
14467	1.36496
14468	1.36485
14469	1.36471
14470	1.36462
14471	1.36732
14472	1.36728
14473	1.36734
14474	1.36739
14475	1.36748
14476	1.36763
14477	1.36778
14478	1.36794
14479	1.36812
14480	1.36828
14481	1.357
14482	1.3571
14483	1.35717
14484	1.35719
14485	1.35723
14486	1.35724
14487	1.35725
14488	1.35723
14489	1.3572
14490	1.3572
14491	1.36933
14492	1.36932
14493	1.36931
14494	1.36925
14495	1.3692
14496	1.36915
14497	1.36907
14498	1.36902
14499	1.36904
14500	1.36911
14501	1.35469
14502	1.35476
14503	1.35485
14504	1.35493
14505	1.35498
14506	1.35503
14507	1.35511
14508	1.35521
14509	1.35527
14510	1.35526
14511	1.36985
14512	1.36991
14513	1.36999
14514	1.37008
14515	1.37008
14516	1.37012
14517	1.37017
14518	1.37024
14519	1.3703
14520	1.37037
14521	1.35303
14522	1.35296
14523	1.35287
14524	1.35275
14525	1.35266
14526	1.35264
14527	1.35261
14528	1.35262
14529	1.35269
14530	1.35282
14531	1.35635
14532	1.35641
14533	1.35646
14534	1.3564
14535	1.35632
14536	1.35621
14537	1.3561
14538	1.35601
14539	1.35595
14540	1.35593
14541	1.35784
14542	1.3578
14543	1.35778
14544	1.35776
14545	1.35769
14546	1.3577
14547	1.35768
14548	1.35765
14549	1.35764
14550	1.35762
14551	1.36276
14552	1.36272
14553	1.36268
14554	1.36259
14555	1.36251
14556	1.36247
14557	1.36243
14558	1.36239
14559	1.36235
14560	1.36237
14561	1.35641
14562	1.35643
14563	1.35647
14564	1.35646
14565	1.35644
14566	1.35639
14567	1.35624
14568	1.35601
14569	1.35579
14570	1.35566
14571	1.35994
14572	1.35985
14573	1.35978
14574	1.35971
14575	1.35967
14576	1.35962
14577	1.35965
14578	1.35971
14579	1.35977
14580	1.35981
14581	1.37123
14582	1.37127
14583	1.37138
14584	1.37147
14585	1.37156
14586	1.37174
14587	1.37192
14588	1.37211
14589	1.37229
14590	1.37246
14591	1.35732
14592	1.35739
14593	1.35748
14594	1.35758
14595	1.35767
14596	1.35773
14597	1.35775
14598	1.35774
14599	1.35768
14600	1.3576
14601	1.37452
14602	1.37444
14603	1.37444
14604	1.37441
14605	1.37436
14606	1.37434
14607	1.37434
14608	1.3743
14609	1.37428
14610	1.37435
14611	1.37655
14612	1.37656
14613	1.37654
14614	1.37655
14615	1.37665
14616	1.37679
14617	1.37689
14618	1.37705
14619	1.37723
14620	1.37745
14621	1.36584
14622	1.36583
14623	1.36576
14624	1.3656
14625	1.36545
14626	1.36531
14627	1.36517
14628	1.365
14629	1.36483
14630	1.36466
14631	1.36769
14632	1.36748
14633	1.36727
14634	1.36704
14635	1.36683
14636	1.36661
14637	1.36642
14638	1.36619
14639	1.36598
14640	1.36577
14641	1.36116
14642	1.361
14643	1.36085
14644	1.36075
14645	1.36069
14646	1.36067
14647	1.36071
14648	1.36077
14649	1.36092
14650	1.36109
14651	1.36611
14652	1.36625
14653	1.36644
14654	1.3666
14655	1.36668
14656	1.36672
14657	1.3668
14658	1.36677
14659	1.3668
14660	1.36681
14661	1.36711
14662	1.36715
14663	1.36722
14664	1.3673
14665	1.36738
14666	1.36746
14667	1.36757
14668	1.36762
14669	1.36761
14670	1.36773
14671	1.35158
14672	1.35164
14673	1.35164
14674	1.3516
14675	1.35164
14676	1.35168
14677	1.35172
14678	1.35176
14679	1.35176
14680	1.35171
14681	1.3557
14682	1.35561
14683	1.35552
14684	1.35539
14685	1.35527
14686	1.35525
14687	1.35523
14688	1.35521
14689	1.35512
14690	1.35505
14691	1.36332
14692	1.36329
14693	1.36326
14694	1.36322
14695	1.3632
14696	1.36321
14697	1.36323
14698	1.36325
14699	1.36331
14700	1.36344
14701	1.37497
14702	1.37511
14703	1.37529
14704	1.37549
14705	1.37567
14706	1.37581
14707	1.37593
14708	1.37608
14709	1.37625
14710	1.37638
14711	1.37132
14712	1.37137
14713	1.37133
14714	1.37128
14715	1.37117
14716	1.37109
14717	1.37099
14718	1.37093
14719	1.37085
14720	1.37082
14721	1.36519
14722	1.36523
14723	1.36529
14724	1.36533
14725	1.3654
14726	1.3655
14727	1.36557
14728	1.36565
14729	1.36579
14730	1.36587
14731	1.37249
14732	1.37256
14733	1.37253
14734	1.3724
14735	1.37221
14736	1.372
14737	1.37183
14738	1.37168
14739	1.37151
14740	1.37137
14741	1.35399
14742	1.35383
14743	1.35368
14744	1.3536
14745	1.35353
14746	1.3535
14747	1.35352
14748	1.35354
14749	1.35362
14750	1.35368
14751	1.36588
14752	1.366
14753	1.36612
14754	1.36627
14755	1.36652
14756	1.36672
14757	1.36689
14758	1.36704
14759	1.3672
14760	1.3674
14761	1.37711
14762	1.3772
14763	1.37722
14764	1.37722
14765	1.37718
14766	1.37716
14767	1.37714
14768	1.37707
14769	1.37694
14770	1.3768
14771	1.37798
14772	1.37783
14773	1.3777
14774	1.37755
14775	1.37738
14776	1.37731
14777	1.3772
14778	1.37707
14779	1.37694
14780	1.37685
14781	1.38035
14782	1.38028
14783	1.38025
14784	1.3802
14785	1.38014
14786	1.38008
14787	1.38007
14788	1.38003
14789	1.37994
14790	1.37983
14791	1.36142
14792	1.36133
14793	1.36129
14794	1.36131
14795	1.36139
14796	1.36151
14797	1.36164
14798	1.36177
14799	1.36194
14800	1.36217
14801	1.37008
14802	1.37028
14803	1.37041
14804	1.37049
14805	1.37053
14806	1.37055
14807	1.3706
14808	1.37059
14809	1.37052
14810	1.37044
14811	1.37567
14812	1.37553
14813	1.37537
14814	1.37514
14815	1.37498
14816	1.37484
14817	1.37473
14818	1.37463
14819	1.37458
14820	1.37447
14821	1.37164
14822	1.37155
14823	1.37148
14824	1.3714
14825	1.37134
14826	1.37135
14827	1.37129
14828	1.3712
14829	1.3711
14830	1.37099
14831	1.37145
14832	1.37145
14833	1.37149
14834	1.3716
14835	1.37175
14836	1.37191
14837	1.37211
14838	1.37232
14839	1.37258
14840	1.37273
14841	1.37085
14842	1.37102
14843	1.37116
14844	1.37117
14845	1.37111
14846	1.37105
14847	1.37095
14848	1.37089
14849	1.37082
14850	1.37074
14851	1.36736
14852	1.36725
14853	1.36708
14854	1.3669
14855	1.36675
14856	1.36664
14857	1.36654
14858	1.36648
14859	1.36639
14860	1.36625
14861	1.37011
14862	1.37
14863	1.36986
14864	1.36972
14865	1.36955
14866	1.36941
14867	1.3693
14868	1.36919
14869	1.36913
14870	1.36909
14871	1.37845
14872	1.37851
14873	1.37859
14874	1.3787
14875	1.37883
14876	1.37905
14877	1.37937
14878	1.37971
14879	1.38001
14880	1.38025
14881	1.37214
14882	1.3722
14883	1.37219
14884	1.37207
14885	1.37195
14886	1.37177
14887	1.37159
14888	1.37132
14889	1.37102
14890	1.37072
14891	1.38294
14892	1.38258
14893	1.38227
14894	1.38199
14895	1.38174
14896	1.38153
14897	1.38141
14898	1.38135
14899	1.38138
14900	1.3814
14901	1.37689
14902	1.37696
14903	1.37707
14904	1.37718
14905	1.37735
14906	1.37761
14907	1.37784
14908	1.37805
14909	1.37824
14910	1.37843
14911	1.38255
14912	1.38264
14913	1.38272
14914	1.38275
14915	1.38278
14916	1.38288
14917	1.38301
14918	1.38317
14919	1.38331
14920	1.38343
14921	1.383
14922	1.38301
14923	1.38298
14924	1.38286
14925	1.38273
14926	1.38257
14927	1.38247
14928	1.38243
14929	1.38246
14930	1.38249
14931	1.37424
14932	1.37433
14933	1.37437
14934	1.37443
14935	1.37458
14936	1.3747
14937	1.37474
14938	1.37474
14939	1.37468
14940	1.37466
14941	1.37471
14942	1.3747
14943	1.37469
14944	1.37464
14945	1.37463
14946	1.37461
14947	1.37452
14948	1.37448
14949	1.37434
14950	1.37413
14951	1.37572
14952	1.37548
14953	1.37529
14954	1.37521
14955	1.37517
14956	1.37515
14957	1.37519
14958	1.37529
14959	1.37543
14960	1.37562
14961	1.37152
14962	1.37186
14963	1.37216
14964	1.37248
14965	1.37278
14966	1.37303
14967	1.37319
14968	1.37326
14969	1.37329
14970	1.37334
14971	1.36371
14972	1.36366
14973	1.36361
14974	1.36354
14975	1.36354
14976	1.36357
14977	1.36357
14978	1.36353
14979	1.36346
14980	1.36341
14981	1.36648
14982	1.36654
14983	1.36665
14984	1.36678
14985	1.36693
14986	1.36708
14987	1.36724
14988	1.36736
14989	1.36747
14990	1.36751
14991	1.38503
14992	1.38493
14993	1.38481
14994	1.3847
14995	1.38447
14996	1.38423
14997	1.38408
14998	1.38394
14999	1.38386
15000	1.38375
15001	1.37262
15002	1.37255
15003	1.37257
15004	1.37258
15005	1.37258
15006	1.37257
15007	1.37256
15008	1.3725
15009	1.37238
15010	1.37236
15011	1.36712
15012	1.36705
15013	1.36702
15014	1.36703
15015	1.36707
15016	1.36712
15017	1.36711
15018	1.36708
15019	1.36706
15020	1.36704
15021	1.36916
15022	1.36909
15023	1.369
15024	1.36889
15025	1.36877
15026	1.36873
15027	1.36869
15028	1.36867
15029	1.36868
15030	1.3687
15031	1.36871
15032	1.36872
15033	1.36875
15034	1.36872
15035	1.3687
15036	1.3687
15037	1.36876
15038	1.36879
15039	1.36871
15040	1.36862
15041	1.37302
15042	1.373
15043	1.37304
15044	1.3731
15045	1.37316
15046	1.37328
15047	1.37335
15048	1.3734
15049	1.37345
15050	1.37351
15051	1.37389
15052	1.37398
15053	1.37403
15054	1.37413
15055	1.37418
15056	1.37422
15057	1.37426
15058	1.37426
15059	1.37428
15060	1.37431
15061	1.36685
15062	1.36681
15063	1.36675
15064	1.36663
15065	1.36654
15066	1.36645
15067	1.36634
15068	1.36617
15069	1.36598
15070	1.36582
15071	1.36463
15072	1.36454
15073	1.36447
15074	1.36445
15075	1.3645
15076	1.36461
15077	1.36473
15078	1.36487
15079	1.36499
15080	1.36511
15081	1.35747
15082	1.35758
15083	1.35762
15084	1.35766
15085	1.35765
15086	1.35764
15087	1.35757
15088	1.35752
15089	1.35743
15090	1.35738
15091	1.35833
15092	1.3583
15093	1.3583
15094	1.35833
15095	1.35836
15096	1.35847
15097	1.35854
15098	1.35854
15099	1.35854
15100	1.35865
15101	1.36092
15102	1.36102
15103	1.36115
15104	1.36125
15105	1.36135
15106	1.3614
15107	1.36144
15108	1.36143
15109	1.36143
15110	1.36146
15111	1.36726
15112	1.36727
15113	1.36733
15114	1.36741
15115	1.36748
15116	1.3676
15117	1.36772
15118	1.36778
15119	1.36787
15120	1.36791
15121	1.3647
15122	1.36477
15123	1.36486
15124	1.36496
15125	1.36505
15126	1.36512
15127	1.36517
15128	1.36516
15129	1.36514
15130	1.36508
15131	1.35701
15132	1.35697
15133	1.35686
15134	1.35676
15135	1.35661
15136	1.35648
15137	1.35646
15138	1.35648
15139	1.35647
15140	1.35658
15141	1.35116
15142	1.35131
15143	1.3515
15144	1.35167
15145	1.35186
15146	1.35202
15147	1.35226
15148	1.3524
15149	1.35253
15150	1.35257
15151	1.35177
15152	1.35177
15153	1.35183
15154	1.35187
15155	1.35187
15156	1.3518
15157	1.35171
15158	1.35161
15159	1.35147
15160	1.35132
15161	1.36155
15162	1.36133
15163	1.36107
15164	1.36085
15165	1.36063
15166	1.36041
15167	1.36023
15168	1.36005
15169	1.35992
15170	1.3598
15171	1.34772
15172	1.34768
15173	1.34774
15174	1.34783
15175	1.34795
15176	1.34809
15177	1.34829
15178	1.34858
15179	1.34882
15180	1.34904
15181	1.35814
15182	1.35829
15183	1.35848
15184	1.35866
15185	1.35879
15186	1.35888
15187	1.35887
15188	1.3588
15189	1.35859
15190	1.35832
15191	1.35137
15192	1.35121
15193	1.35107
15194	1.35098
15195	1.35087
15196	1.35082
15197	1.35079
15198	1.3508
15199	1.35083
15200	1.35093
15201	1.34584
15202	1.34587
15203	1.34596
15204	1.3461
15205	1.3463
15206	1.34642
15207	1.34655
15208	1.34665
15209	1.34677
15210	1.34693
15211	1.35309
15212	1.35314
15213	1.35318
15214	1.35314
15215	1.35301
15216	1.35287
15217	1.35267
15218	1.35254
15219	1.35239
15220	1.35224
15221	1.35308
15222	1.35296
15223	1.35288
15224	1.35281
15225	1.35279
15226	1.35284
15227	1.35289
15228	1.35295
15229	1.35308
15230	1.35322
15231	1.35469
15232	1.3548
15233	1.3549
15234	1.35504
15235	1.35516
15236	1.35526
15237	1.35526
15238	1.35522
15239	1.35515
15240	1.35509
15241	1.36432
15242	1.36431
15243	1.36428
15244	1.36429
15245	1.36422
15246	1.36418
15247	1.36414
15248	1.36405
15249	1.36388
15250	1.36368
15251	1.36262
15252	1.36248
15253	1.3624
15254	1.36239
15255	1.3623
15256	1.36229
15257	1.36232
15258	1.36234
15259	1.36238
15260	1.36248
15261	1.36541
15262	1.36549
15263	1.3656
15264	1.36563
15265	1.36567
15266	1.36584
15267	1.366
15268	1.36614
15269	1.36621
15270	1.3663
15271	1.36521
15272	1.36529
15273	1.36533
15274	1.36529
15275	1.36527
15276	1.36526
15277	1.36522
15278	1.3652
15279	1.3652
15280	1.36519
15281	1.35947
15282	1.35936
15283	1.35927
15284	1.3592
15285	1.35917
15286	1.3592
15287	1.3593
15288	1.35945
15289	1.35962
15290	1.35985
15291	1.35934
15292	1.35937
15293	1.35938
15294	1.35938
15295	1.35941
15296	1.35937
15297	1.35935
15298	1.35928
15299	1.35925
15300	1.3592
15301	1.36596
15302	1.36586
15303	1.36579
15304	1.36574
15305	1.3657
15306	1.36565
15307	1.36561
15308	1.3656
15309	1.3656
15310	1.36556
15311	1.35809
15312	1.35799
15313	1.35795
15314	1.3579
15315	1.35782
15316	1.35774
15317	1.35768
15318	1.35758
15319	1.35752
15320	1.35747
15321	1.36259
15322	1.36257
15323	1.3625
15324	1.36247
15325	1.36248
15326	1.3625
15327	1.36254
15328	1.36254
15329	1.36261
15330	1.36274
15331	1.35698
15332	1.35703
15333	1.35704
15334	1.35695
15335	1.3568
15336	1.35663
15337	1.35644
15338	1.35623
15339	1.35602
15340	1.35585
15341	1.35718
15342	1.35711
15343	1.35703
15344	1.35697
15345	1.3569
15346	1.35693
15347	1.35692
15348	1.35697
15349	1.35703
15350	1.35708
15351	1.36326
15352	1.36342
15353	1.36353
15354	1.36365
15355	1.3638
15356	1.36397
15357	1.36414
15358	1.36427
15359	1.36442
15360	1.36453
15361	1.35787
15362	1.35787
15363	1.35788
15364	1.35778
15365	1.35768
15366	1.35761
15367	1.35752
15368	1.35743
15369	1.35739
15370	1.35742
15371	1.36335
15372	1.3634
15373	1.36352
15374	1.36361
15375	1.36368
15376	1.36377
15377	1.36387
15378	1.36402
15379	1.36411
15380	1.36423
15381	1.34803
15382	1.34806
15383	1.34806
15384	1.34809
15385	1.34805
15386	1.34805
15387	1.34798
15388	1.34794
15389	1.34794
15390	1.34794
15391	1.35346
15392	1.35337
15393	1.35329
15394	1.35319
15395	1.35312
15396	1.35303
15397	1.353
15398	1.35301
15399	1.35299
15400	1.35289
15401	1.33827
15402	1.33824
15403	1.33828
15404	1.33837
15405	1.33844
15406	1.33852
15407	1.33864
15408	1.33866
15409	1.33869
15410	1.33867
15411	1.3702
15412	1.37013
15413	1.37003
15414	1.36996
15415	1.36987
15416	1.36977
15417	1.36964
15418	1.36949
15419	1.36934
15420	1.36924
15421	1.35546
15422	1.35528
15423	1.35514
15424	1.35497
15425	1.35476
15426	1.35458
15427	1.35439
15428	1.35418
15429	1.35397
15430	1.35381
15431	1.36608
15432	1.366
15433	1.36596
15434	1.36594
15435	1.36598
15436	1.36608
15437	1.36626
15438	1.36648
15439	1.36672
15440	1.36706
15441	1.34792
15442	1.34829
15443	1.34864
15444	1.34898
15445	1.34931
15446	1.34958
15447	1.34973
15448	1.34982
15449	1.34995
15450	1.35006
15451	1.35852
15452	1.35852
15453	1.35844
15454	1.35829
15455	1.35813
15456	1.3579
15457	1.35765
15458	1.35741
15459	1.35724
15460	1.3571
15461	1.3596
15462	1.35945
15463	1.35928
15464	1.35918
15465	1.35911
15466	1.35905
15467	1.359
15468	1.35896
15469	1.35892
15470	1.35899
15471	1.35345
15472	1.35347
15473	1.35349
15474	1.35348
15475	1.35345
15476	1.35342
15477	1.35337
15478	1.35326
15479	1.35318
15480	1.3531
15481	1.3545
15482	1.35454
15483	1.35467
15484	1.35486
15485	1.35509
15486	1.35528
15487	1.35536
15488	1.35542
15489	1.35547
15490	1.3555
15491	1.36089
15492	1.3609
15493	1.36082
15494	1.36082
15495	1.36076
15496	1.36064
15497	1.3605
15498	1.36033
15499	1.36008
15500	1.35981
15501	1.34874
15502	1.34853
15503	1.34841
15504	1.34837
15505	1.34838
15506	1.34845
15507	1.34859
15508	1.34877
15509	1.34892
15510	1.3491
15511	1.35165
15512	1.35182
15513	1.352
15514	1.35221
15515	1.35242
15516	1.35262
15517	1.35286
15518	1.35311
15519	1.35334
15520	1.35358
15521	1.36082
15522	1.36093
15523	1.36096
15524	1.36105
15525	1.36112
15526	1.36118
15527	1.36117
15528	1.36111
15529	1.36107
15530	1.36097
15531	1.35282
15532	1.35267
15533	1.35256
15534	1.35243
15535	1.35233
15536	1.35222
15537	1.3521
15538	1.35197
15539	1.35194
15540	1.35199
15541	1.33993
15542	1.34004
15543	1.34016
15544	1.34027
15545	1.34041
15546	1.34054
15547	1.34068
15548	1.3408
15549	1.34089
15550	1.34097
15551	1.34519
15552	1.3452
15553	1.34527
15554	1.34534
15555	1.34543
15556	1.34549
15557	1.34547
15558	1.34543
15559	1.34535
15560	1.34523
15561	1.35034
15562	1.35014
15563	1.34991
15564	1.34968
15565	1.34945
15566	1.34921
15567	1.34911
15568	1.34899
15569	1.349
15570	1.34906
15571	1.33849
15572	1.33863
15573	1.33878
15574	1.33891
15575	1.33907
15576	1.3393
15577	1.33952
15578	1.33973
15579	1.33987
15580	1.33996
15581	1.35502
15582	1.35502
15583	1.35493
15584	1.35482
15585	1.35465
15586	1.35444
15587	1.35423
15588	1.35399
15589	1.35379
15590	1.35355
15591	1.34182
15592	1.34162
15593	1.34138
15594	1.34115
15595	1.34097
15596	1.34087
15597	1.34083
15598	1.34091
15599	1.34106
15600	1.34124
15601	1.3493
15602	1.34956
15603	1.34989
15604	1.35018
15605	1.35052
15606	1.35085
15607	1.35115
15608	1.3514
15609	1.35159
15610	1.35173
15611	1.34497
15612	1.34508
15613	1.34514
15614	1.34514
15615	1.34505
15616	1.34491
15617	1.34476
15618	1.34462
15619	1.34447
15620	1.34434
15621	1.34619
15622	1.34616
15623	1.34614
15624	1.34617
15625	1.34619
15626	1.34622
15627	1.34625
15628	1.34636
15629	1.34644
15630	1.34658
15631	1.35021
15632	1.35036
15633	1.35053
15634	1.35062
15635	1.35071
15636	1.35078
15637	1.35083
15638	1.35083
15639	1.35074
15640	1.3507
15641	1.34272
15642	1.34271
15643	1.34269
15644	1.34265
15645	1.3426
15646	1.34247
15647	1.34234
15648	1.34222
15649	1.34206
15650	1.34188
15651	1.34502
15652	1.34496
15653	1.34496
15654	1.34491
15655	1.3449
15656	1.34494
15657	1.34506
15658	1.34518
15659	1.34532
15660	1.34551
15661	1.33902
15662	1.33921
15663	1.33935
15664	1.33945
15665	1.33957
15666	1.33973
15667	1.33989
15668	1.34009
15669	1.34027
15670	1.34043
15671	1.35194
15672	1.35193
15673	1.35187
15674	1.35184
15675	1.35184
15676	1.3518
15677	1.35171
15678	1.35165
15679	1.35154
15680	1.35149
15681	1.34997
15682	1.34994
15683	1.34992
15684	1.34988
15685	1.34988
15686	1.3499
15687	1.34993
15688	1.35
15689	1.35006
15690	1.35015
15691	1.33713
15692	1.33713
15693	1.33711
15694	1.33707
15695	1.33701
15696	1.33694
15697	1.33689
15698	1.33689
15699	1.33688
15700	1.33683
15701	1.35104
15702	1.35093
15703	1.3509
15704	1.35086
15705	1.35086
15706	1.35086
15707	1.35088
15708	1.35093
15709	1.35096
15710	1.35101
15711	1.35129
15712	1.35132
15713	1.35132
15714	1.35126
15715	1.35123
15716	1.35115
15717	1.35103
15718	1.35097
15719	1.35088
15720	1.35084
15721	1.33795
15722	1.33795
15723	1.33802
15724	1.33815
15725	1.33823
15726	1.33829
15727	1.33835
15728	1.3384
15729	1.33839
15730	1.33834
15731	1.34675
15732	1.34659
15733	1.34648
15734	1.34642
15735	1.34631
15736	1.34622
15737	1.34615
15738	1.34615
15739	1.34617
15740	1.34615
15741	1.35372
15742	1.35379
15743	1.35385
15744	1.35398
15745	1.35404
15746	1.35409
15747	1.3541
15748	1.35408
15749	1.35408
15750	1.3541
15751	1.34936
15752	1.3492
15753	1.34899
15754	1.34876
15755	1.34853
15756	1.3483
15757	1.34809
15758	1.3479
15759	1.34771
15760	1.34755
15761	1.33996
15762	1.33984
15763	1.33978
15764	1.33975
15765	1.33982
15766	1.33991
15767	1.34002
15768	1.34011
15769	1.34025
15770	1.34034
15771	1.35164
15772	1.35173
15773	1.35179
15774	1.35185
15775	1.35189
15776	1.35192
15777	1.35198
15778	1.35206
15779	1.35217
15780	1.35228
15781	1.35087
15782	1.35101
15783	1.35114
15784	1.35129
15785	1.35146
15786	1.35166
15787	1.35179
15788	1.35188
15789	1.35194
15790	1.35201
15791	1.34083
15792	1.3409
15793	1.34091
15794	1.34085
15795	1.34079
15796	1.34073
15797	1.34067
15798	1.34066
15799	1.34064
15800	1.34063
15801	1.33607
15802	1.33598
15803	1.33591
15804	1.33578
15805	1.33564
15806	1.33542
15807	1.33523
15808	1.33502
15809	1.33484
15810	1.33462
15811	1.34438
15812	1.34416
15813	1.34401
15814	1.34389
15815	1.34389
15816	1.344
15817	1.34418
15818	1.34434
15819	1.34458
15820	1.34484
15821	1.34256
15822	1.34279
15823	1.34295
15824	1.3431
15825	1.34316
15826	1.34319
15827	1.34314
15828	1.34296
15829	1.34275
15830	1.34251
15831	1.33072
15832	1.33047
15833	1.33032
15834	1.33024
15835	1.33029
15836	1.33038
15837	1.33057
15838	1.3308
15839	1.33101
15840	1.33118
15841	1.34077
15842	1.34081
15843	1.34078
15844	1.34068
15845	1.34056
15846	1.34041
15847	1.34027
15848	1.34011
15849	1.33993
15850	1.33976
15851	1.34267
15852	1.34253
15853	1.34228
15854	1.34202
15855	1.34176
15856	1.34162
15857	1.34149
15858	1.34147
15859	1.34148
15860	1.34147
15861	1.33819
15862	1.33827
15863	1.33838
15864	1.33853
15865	1.33876
15866	1.33898
15867	1.33926
15868	1.33949
15869	1.33962
15870	1.33974
15871	1.35726
15872	1.35732
15873	1.35732
15874	1.35726
15875	1.35712
15876	1.35694
15877	1.35672
15878	1.35651
15879	1.35625
15880	1.35598
15881	1.34797
15882	1.34777
15883	1.34757
15884	1.34745
15885	1.34737
15886	1.34731
15887	1.34725
15888	1.34714
15889	1.34702
15890	1.34695
15891	1.34162
15892	1.34161
15893	1.34165
15894	1.34175
15895	1.34188
15896	1.34201
15897	1.34217
15898	1.34238
15899	1.34257
15900	1.34276
15901	1.34873
15902	1.34894
15903	1.34907
15904	1.34912
15905	1.34908
15906	1.34901
15907	1.34888
15908	1.34877
15909	1.3487
15910	1.34861
15911	1.35534
15912	1.35527
15913	1.35515
15914	1.35506
15915	1.35494
15916	1.35487
15917	1.35477
15918	1.35466
15919	1.35456
15920	1.35448
15921	1.35666
15922	1.35668
15923	1.35674
15924	1.35686
15925	1.35697
15926	1.35702
15927	1.35706
15928	1.35712
15929	1.35718
15930	1.35724
15931	1.35898
15932	1.35905
15933	1.35915
15934	1.35925
15935	1.35929
15936	1.35926
15937	1.35916
15938	1.35913
15939	1.35904
15940	1.35893
15941	1.34668
15942	1.34654
15943	1.34647
15944	1.34634
15945	1.34625
15946	1.34623
15947	1.34629
15948	1.34633
15949	1.34637
15950	1.34642
15951	1.34879
15952	1.34886
15953	1.34898
15954	1.34913
15955	1.34929
15956	1.34945
15957	1.34962
15958	1.34979
15959	1.34993
15960	1.35007
15961	1.34522
15962	1.34523
15963	1.3452
15964	1.34516
15965	1.34512
15966	1.34506
15967	1.34497
15968	1.34488
15969	1.34474
15970	1.34454
15971	1.34618
15972	1.34607
15973	1.34606
15974	1.34604
15975	1.34608
15976	1.34611
15977	1.34614
15978	1.34618
15979	1.34618
15980	1.34616
15981	1.33667
15982	1.33662
15983	1.33649
15984	1.33637
15985	1.33625
15986	1.33615
15987	1.33612
15988	1.33608
15989	1.33619
15990	1.33629
15991	1.34683
15992	1.34701
15993	1.34721
15994	1.34743
15995	1.34761
15996	1.34772
15997	1.34779
15998	1.34783
15999	1.34791
16000	1.34799
16001	1.36035
16002	1.36032
16003	1.36027
16004	1.36026
16005	1.3602
16006	1.36011
16007	1.35996
16008	1.35982
16009	1.35969
16010	1.35956
16011	1.3552
16012	1.35511
16013	1.35503
16014	1.35498
16015	1.355
16016	1.35508
16017	1.35517
16018	1.35533
16019	1.35558
16020	1.35582
16021	1.34977
16022	1.35004
16023	1.35024
16024	1.35039
16025	1.35057
16026	1.35066
16027	1.35066
16028	1.35062
16029	1.3506
16030	1.35054
16031	1.35136
16032	1.35128
16033	1.35118
16034	1.35108
16035	1.35096
16036	1.35075
16037	1.35054
16038	1.35032
16039	1.35009
16040	1.34989
16041	1.35008
16042	1.34986
16043	1.34965
16044	1.34947
16045	1.34934
16046	1.34934
16047	1.34941
16048	1.34954
16049	1.3497
16050	1.34987
16051	1.35262
16052	1.35276
16053	1.35292
16054	1.353
16055	1.35309
16056	1.35313
16057	1.3532
16058	1.35326
16059	1.35329
16060	1.35329
16061	1.34561
16062	1.34558
16063	1.34558
16064	1.34552
16065	1.34542
16066	1.34534
16067	1.34532
16068	1.34535
16069	1.34552
16070	1.34586
16071	1.34028
16072	1.34064
16073	1.34102
16074	1.34136
16075	1.34163
16076	1.34183
16077	1.342
16078	1.34212
16079	1.34222
16080	1.34224
16081	1.34464
16082	1.34456
16083	1.34445
16084	1.34434
16085	1.34419
16086	1.34406
16087	1.34395
16088	1.34384
16089	1.34373
16090	1.34363
16091	1.33175
16092	1.33164
16093	1.33148
16094	1.33132
16095	1.33118
16096	1.33108
16097	1.33104
16098	1.33103
16099	1.33101
16100	1.33099
16101	1.33374
16102	1.33389
16103	1.33399
16104	1.33407
16105	1.3341
16106	1.33412
16107	1.3342
16108	1.33432
16109	1.33444
16110	1.33458
16111	1.3465
16112	1.34666
16113	1.3468
16114	1.34693
16115	1.34704
16116	1.34708
16117	1.34712
16118	1.34709
16119	1.34697
16120	1.34681
16121	1.35093
16122	1.35067
16123	1.35037
16124	1.35009
16125	1.34979
16126	1.34952
16127	1.3493
16128	1.34906
16129	1.34893
16130	1.34877
16131	1.35313
16132	1.35306
16133	1.35302
16134	1.35294
16135	1.35282
16136	1.35263
16137	1.35244
16138	1.3523
16139	1.35216
16140	1.35206
16141	1.35788
16142	1.35787
16143	1.35782
16144	1.3578
16145	1.35777
16146	1.35773
16147	1.35769
16148	1.35765
16149	1.35759
16150	1.35759
16151	1.34838
16152	1.34838
16153	1.34846
16154	1.34856
16155	1.34859
16156	1.34865
16157	1.34872
16158	1.34878
16159	1.34882
16160	1.34888
16161	1.35613
16162	1.35616
16163	1.35616
16164	1.35609
16165	1.35592
16166	1.35574
16167	1.35564
16168	1.35564
16169	1.35564
16170	1.35565
16171	1.34914
16172	1.34912
16173	1.34912
16174	1.34907
16175	1.34896
16176	1.34882
16177	1.34869
16178	1.34856
16179	1.34851
16180	1.34845
16181	1.3495
16182	1.34951
16183	1.34956
16184	1.34965
16185	1.34978
16186	1.34995
16187	1.35015
16188	1.35038
16189	1.35065
16190	1.35089
16191	1.35057
16192	1.35076
16193	1.35093
16194	1.35106
16195	1.35119
16196	1.35123
16197	1.35126
16198	1.35132
16199	1.3514
16200	1.35148
16201	1.35921
16202	1.35926
16203	1.35927
16204	1.35928
16205	1.35922
16206	1.35915
16207	1.35906
16208	1.35896
16209	1.35884
16210	1.3587
16211	1.35108
16212	1.35096
16213	1.35087
16214	1.35079
16215	1.35067
16216	1.35061
16217	1.35057
16218	1.35053
16219	1.3505
16220	1.35044
16221	1.35013
16222	1.35018
16223	1.35032
16224	1.35046
16225	1.3506
16226	1.35076
16227	1.35087
16228	1.351
16229	1.35121
16230	1.35141
16231	1.35136
16232	1.35143
16233	1.35142
16234	1.35136
16235	1.35126
16236	1.35111
16237	1.35093
16238	1.35075
16239	1.35057
16240	1.35039
16241	1.34938
16242	1.34932
16243	1.34926
16244	1.3492
16245	1.34911
16246	1.349
16247	1.3489
16248	1.34876
16249	1.34864
16250	1.34854
16251	1.3466
16252	1.34649
16253	1.34641
16254	1.34633
16255	1.3463
16256	1.34633
16257	1.34639
16258	1.34649
16259	1.34667
16260	1.34682
16261	1.35117
16262	1.35135
16263	1.35149
16264	1.35166
16265	1.35191
16266	1.35207
16267	1.35213
16268	1.3522
16269	1.35218
16270	1.35212
16271	1.34697
16272	1.34697
16273	1.347
16274	1.34703
16275	1.34701
16276	1.34705
16277	1.34713
16278	1.34724
16279	1.34735
16280	1.34746
16281	1.34101
16282	1.341
16283	1.34097
16284	1.34088
16285	1.3408
16286	1.34074
16287	1.34069
16288	1.34066
16289	1.34062
16290	1.3406
16291	1.33251
16292	1.33247
16293	1.33235
16294	1.33226
16295	1.33224
16296	1.33227
16297	1.33226
16298	1.33227
16299	1.33219
16300	1.33213
16301	1.34167
16302	1.34159
16303	1.3415
16304	1.3414
16305	1.34126
16306	1.3412
16307	1.34123
16308	1.34127
16309	1.34129
16310	1.34119
16311	1.34272
16312	1.34264
16313	1.34258
16314	1.34256
16315	1.34258
16316	1.34264
16317	1.3426
16318	1.34255
16319	1.34254
16320	1.3425
16321	1.35132
16322	1.35131
16323	1.35122
16324	1.35109
16325	1.35093
16326	1.35076
16327	1.3506
16328	1.35047
16329	1.35047
16330	1.35053
16331	1.34154
16332	1.34165
16333	1.34183
16334	1.34201
16335	1.34219
16336	1.34235
16337	1.3425
16338	1.34267
16339	1.34281
16340	1.343
16341	1.34609
16342	1.34623
16343	1.34633
16344	1.3464
16345	1.34642
16346	1.34642
16347	1.34641
16348	1.34639
16349	1.34631
16350	1.3462
16351	1.34459
16352	1.3445
16353	1.34436
16354	1.34427
16355	1.34421
16356	1.3442
16357	1.34418
16358	1.34413
16359	1.34407
16360	1.344
16361	1.34444
16362	1.34433
16363	1.34424
16364	1.34418
16365	1.34411
16366	1.34409
16367	1.34404
16368	1.344
16369	1.34395
16370	1.34391
16371	1.3489
16372	1.34897
16373	1.34904
16374	1.34909
16375	1.3492
16376	1.3493
16377	1.34943
16378	1.34956
16379	1.34969
16380	1.34976
16381	1.34136
16382	1.34142
16383	1.3415
16384	1.34152
16385	1.34149
16386	1.34153
16387	1.34154
16388	1.34155
16389	1.3415
16390	1.34147
16391	1.33817
16392	1.33818
16393	1.33829
16394	1.33846
16395	1.33874
16396	1.33909
16397	1.33953
16398	1.34002
16399	1.34045
16400	1.34084
16401	1.34154
16402	1.34175
16403	1.34192
16404	1.34197
16405	1.34203
16406	1.34207
16407	1.34199
16408	1.34178
16409	1.34153
16410	1.34124
16411	1.34751
16412	1.34723
16413	1.34699
16414	1.34677
16415	1.34657
16416	1.34639
16417	1.34622
16418	1.34606
16419	1.3459
16420	1.3458
16421	1.35157
16422	1.35157
16423	1.35154
16424	1.35153
16425	1.3515
16426	1.3515
16427	1.35151
16428	1.35155
16429	1.3516
16430	1.35166
16431	1.35336
16432	1.3534
16433	1.35337
16434	1.35334
16435	1.35332
16436	1.35335
16437	1.35338
16438	1.35332
16439	1.35326
16440	1.35322
16441	1.33978
16442	1.33973
16443	1.3397
16444	1.33965
16445	1.33957
16446	1.33953
16447	1.33956
16448	1.33958
16449	1.33963
16450	1.33976
16451	1.34854
16452	1.34871
16453	1.34891
16454	1.34908
16455	1.34924
16456	1.3494
16457	1.34955
16458	1.34969
16459	1.34985
16460	1.35004
16461	1.3268
16462	1.32689
16463	1.32693
16464	1.32692
16465	1.32687
16466	1.32677
16467	1.32663
16468	1.32649
16469	1.32638
16470	1.32631
16471	1.32886
16472	1.32871
16473	1.32856
16474	1.32848
16475	1.32839
16476	1.32833
16477	1.32831
16478	1.32825
16479	1.3282
16480	1.32816
16481	1.34801
16482	1.34788
16483	1.34777
16484	1.34766
16485	1.34758
16486	1.34752
16487	1.34745
16488	1.34745
16489	1.34744
16490	1.3474
16491	1.34325
16492	1.3432
16493	1.34312
16494	1.3431
16495	1.3431
16496	1.34311
16497	1.34311
16498	1.34313
16499	1.34312
16500	1.34312
16501	1.34045
16502	1.34054
16503	1.34069
16504	1.34091
16505	1.34113
16506	1.34134
16507	1.3416
16508	1.34183
16509	1.34202
16510	1.34219
16511	1.33133
16512	1.33143
16513	1.33142
16514	1.33134
16515	1.33118
16516	1.33107
16517	1.33095
16518	1.33082
16519	1.3307
16520	1.33056
16521	1.33101
16522	1.33081
16523	1.33069
16524	1.3306
16525	1.3305
16526	1.3305
16527	1.33042
16528	1.33036
16529	1.33034
16530	1.33043
16531	1.33261
16532	1.33287
16533	1.33325
16534	1.33364
16535	1.33399
16536	1.33436
16537	1.33476
16538	1.33511
16539	1.33538
16540	1.33562
16541	1.35176
16542	1.35181
16543	1.35177
16544	1.35171
16545	1.35153
16546	1.35141
16547	1.35126
16548	1.35108
16549	1.35087
16550	1.35057
16551	1.33706
16552	1.33688
16553	1.33673
16554	1.33664
16555	1.33654
16556	1.33655
16557	1.33655
16558	1.33662
16559	1.33674
16560	1.3369
16561	1.3388
16562	1.33891
16563	1.33895
16564	1.33892
16565	1.33885
16566	1.33876
16567	1.33866
16568	1.3386
16569	1.33852
16570	1.33846
16571	1.3293
16572	1.32922
16573	1.32915
16574	1.32913
16575	1.32917
16576	1.32935
16577	1.32953
16578	1.32968
16579	1.32983
16580	1.32995
16581	1.3334
16582	1.3335
16583	1.33357
16584	1.33361
16585	1.33365
16586	1.3337
16587	1.33369
16588	1.33361
16589	1.33351
16590	1.33334
16591	1.34281
16592	1.34274
16593	1.34272
16594	1.34274
16595	1.34279
16596	1.34289
16597	1.34301
16598	1.34314
16599	1.34319
16600	1.3432
16601	1.33345
16602	1.33342
16603	1.33342
16604	1.3334
16605	1.3333
16606	1.3332
16607	1.33301
16608	1.33282
16609	1.33264
16610	1.33249
16611	1.34403
16612	1.34392
16613	1.34385
16614	1.34378
16615	1.34376
16616	1.34373
16617	1.34366
16618	1.34361
16619	1.34359
16620	1.34356
16621	1.33186
16622	1.3317
16623	1.33159
16624	1.33147
16625	1.33136
16626	1.33127
16627	1.3312
16628	1.33121
16629	1.3313
16630	1.33142
16631	1.32997
16632	1.3302
16633	1.33038
16634	1.33057
16635	1.33081
16636	1.33102
16637	1.33111
16638	1.33118
16639	1.33121
16640	1.33119
16641	1.33853
16642	1.33871
16643	1.33892
16644	1.33901
16645	1.33908
16646	1.33906
16647	1.33905
16648	1.339
16649	1.33893
16650	1.33891
16651	1.3407
16652	1.34064
16653	1.34057
16654	1.34048
16655	1.34035
16656	1.34024
16657	1.34018
16658	1.34022
16659	1.34023
16660	1.34019
16661	1.34011
16662	1.34016
16663	1.34022
16664	1.34023
16665	1.34029
16666	1.34041
16667	1.34048
16668	1.34056
16669	1.34064
16670	1.34076
16671	1.33714
16672	1.33722
16673	1.33725
16674	1.33729
16675	1.33735
16676	1.33734
16677	1.3373
16678	1.33725
16679	1.33714
16680	1.3371
16681	1.33977
16682	1.33969
16683	1.33951
16684	1.33928
16685	1.33909
16686	1.33885
16687	1.33857
16688	1.33828
16689	1.33799
16690	1.33766
16691	1.33883
16692	1.33843
16693	1.33805
16694	1.33771
16695	1.33744
16696	1.33716
16697	1.33692
16698	1.33673
16699	1.33663
16700	1.33658
16701	1.33835
16702	1.33834
16703	1.33843
16704	1.33862
16705	1.33883
16706	1.33904
16707	1.33924
16708	1.33939
16709	1.33952
16710	1.33973
16711	1.33946
16712	1.33965
16713	1.33984
16714	1.33999
16715	1.3401
16716	1.34012
16717	1.34017
16718	1.34014
16719	1.34006
16720	1.3399
16721	1.35273
16722	1.3526
16723	1.35243
16724	1.3523
16725	1.35225
16726	1.35226
16727	1.35233
16728	1.35244
16729	1.35261
16730	1.3528
16731	1.34606
16732	1.34625
16733	1.34648
16734	1.34666
16735	1.34681
16736	1.34694
16737	1.34704
16738	1.34713
16739	1.34719
16740	1.34725
16741	1.34416
16742	1.34412
16743	1.3441
16744	1.34404
16745	1.344
16746	1.34399
16747	1.34392
16748	1.34382
16749	1.34378
16750	1.34373
16751	1.34717
16752	1.34714
16753	1.34711
16754	1.34707
16755	1.34709
16756	1.34706
16757	1.34701
16758	1.34697
16759	1.347
16760	1.34704
16761	1.34366
16762	1.34374
16763	1.34382
16764	1.34394
16765	1.34401
16766	1.34409
16767	1.34421
16768	1.3443
16769	1.34436
16770	1.34435
16771	1.35239
16772	1.35233
16773	1.35231
16774	1.35228
16775	1.35222
16776	1.35214
16777	1.35203
16778	1.35193
16779	1.35186
16780	1.35181
16781	1.34343
16782	1.34346
16783	1.34349
16784	1.34353
16785	1.34359
16786	1.34371
16787	1.34382
16788	1.34402
16789	1.34421
16790	1.34446
16791	1.33315
16792	1.33336
16793	1.3336
16794	1.33388
16795	1.33409
16796	1.33423
16797	1.33432
16798	1.33438
16799	1.3344
16800	1.33437
16801	1.3476
16802	1.34745
16803	1.34725
16804	1.34702
16805	1.34678
16806	1.34654
16807	1.34631
16808	1.34608
16809	1.34586
16810	1.34572
16811	1.34454
16812	1.34432
16813	1.34411
16814	1.34397
16815	1.34391
16816	1.34385
16817	1.34383
16818	1.34383
16819	1.34391
16820	1.34395
16821	1.35003
16822	1.35016
16823	1.35025
16824	1.35034
16825	1.35044
16826	1.35059
16827	1.3508
16828	1.35105
16829	1.35129
16830	1.35147
16831	1.34429
16832	1.3444
16833	1.34446
16834	1.3445
16835	1.34443
16836	1.3443
16837	1.34417
16838	1.34401
16839	1.34383
16840	1.34366
16841	1.32394
16842	1.32379
16843	1.32363
16844	1.32345
16845	1.32335
16846	1.32334
16847	1.32335
16848	1.32348
16849	1.32362
16850	1.32374
16851	1.34207
16852	1.3423
16853	1.34253
16854	1.34278
16855	1.34309
16856	1.34333
16857	1.3435
16858	1.34368
16859	1.34382
16860	1.34385
16861	1.33578
16862	1.33573
16863	1.33568
16864	1.33571
16865	1.33574
16866	1.33575
16867	1.33572
16868	1.33572
16869	1.33564
16870	1.33553
16871	1.33452
16872	1.33432
16873	1.33417
16874	1.334
16875	1.33386
16876	1.33377
16877	1.3337
16878	1.33366
16879	1.33365
16880	1.33357
16881	1.34266
16882	1.34253
16883	1.34233
16884	1.34204
16885	1.34177
16886	1.34157
16887	1.34145
16888	1.34134
16889	1.34128
16890	1.34124
16891	1.33931
16892	1.33927
16893	1.33917
16894	1.33906
16895	1.33897
16896	1.3389
16897	1.33888
16898	1.33886
16899	1.33892
16900	1.33904
16901	1.34252
16902	1.34268
16903	1.34283
16904	1.34303
16905	1.34326
16906	1.34344
16907	1.3437
16908	1.34397
16909	1.3442
16910	1.34442
16911	1.32322
16912	1.32332
16913	1.32344
16914	1.32354
16915	1.32359
16916	1.32362
16917	1.32366
16918	1.32365
16919	1.3236
16920	1.32349
16921	1.34363
16922	1.34355
16923	1.3435
16924	1.34335
16925	1.34322
16926	1.34305
16927	1.34285
16928	1.34267
16929	1.34247
16930	1.34231
16931	1.34109
16932	1.34097
16933	1.34093
16934	1.34092
16935	1.34095
16936	1.34102
16937	1.34112
16938	1.3412
16939	1.34129
16940	1.34132
16941	1.34462
16942	1.34458
16943	1.34455
16944	1.34449
16945	1.34437
16946	1.34426
16947	1.34413
16948	1.34393
16949	1.34373
16950	1.34357
16951	1.33382
16952	1.33374
16953	1.3338
16954	1.33388
16955	1.33397
16956	1.33402
16957	1.33414
16958	1.33431
16959	1.33457
16960	1.33482
16961	1.33533
16962	1.33549
16963	1.33569
16964	1.33583
16965	1.33594
16966	1.33601
16967	1.33596
16968	1.33592
16969	1.33584
16970	1.33582
16971	1.32617
16972	1.32605
16973	1.32597
16974	1.32582
16975	1.32559
16976	1.32534
16977	1.32506
16978	1.32481
16979	1.3245
16980	1.32423
16981	1.33835
16982	1.33812
16983	1.33796
16984	1.33786
16985	1.33776
16986	1.33771
16987	1.33768
16988	1.33766
16989	1.3377
16990	1.33773
16991	1.34427
16992	1.34427
16993	1.34426
16994	1.34428
16995	1.3443
16996	1.34431
16997	1.34437
16998	1.34446
16999	1.3446
17000	1.34475
17001	1.32656
17002	1.32671
17003	1.32677
17004	1.32681
17005	1.32683
17006	1.32695
17007	1.32703
17008	1.32715
17009	1.32727
17010	1.32736
17011	1.3398
17012	1.33993
17013	1.34009
17014	1.3402
17015	1.34022
17016	1.34024
17017	1.3403
17018	1.34032
17019	1.34028
17020	1.34024
17021	1.3267
17022	1.3267
17023	1.32665
17024	1.32664
17025	1.32666
17026	1.32663
17027	1.32656
17028	1.32644
17029	1.32634
17030	1.32627
17031	1.34021
17032	1.34005
17033	1.33988
17034	1.33972
17035	1.33965
17036	1.3396
17037	1.33954
17038	1.33956
17039	1.33969
17040	1.33981
17041	1.33847
17042	1.33861
17043	1.33878
17044	1.33892
17045	1.33894
17046	1.339
17047	1.33909
17048	1.33919
17049	1.33929
17050	1.33938
17051	1.33618
17052	1.33621
17053	1.33626
17054	1.33634
17055	1.33646
17056	1.3366
17057	1.33671
17058	1.33679
17059	1.33684
17060	1.33687
17061	1.34851
17062	1.34847
17063	1.34836
17064	1.34819
17065	1.34797
17066	1.34781
17067	1.34756
17068	1.34734
17069	1.34719
17070	1.34708
17071	1.34336
17072	1.34322
17073	1.34311
17074	1.3431
17075	1.34311
17076	1.34315
17077	1.34325
17078	1.34334
17079	1.34339
17080	1.34345
17081	1.33963
17082	1.33973
17083	1.33983
17084	1.33988
17085	1.33993
17086	1.34002
17087	1.34017
17088	1.34029
17089	1.34029
17090	1.34019
17091	1.34136
17092	1.34131
17093	1.34129
17094	1.34121
17095	1.3411
17096	1.34103
17097	1.341
17098	1.341
17099	1.341
17100	1.34097
17101	1.33591
17102	1.3359
17103	1.33589
17104	1.33591
17105	1.33591
17106	1.33588
17107	1.33583
17108	1.3358
17109	1.33575
17110	1.33565
17111	1.34118
17112	1.34104
17113	1.34092
17114	1.34081
17115	1.34068
17116	1.34056
17117	1.34046
17118	1.34035
17119	1.34023
17120	1.34021
17121	1.33968
17122	1.33974
17123	1.33973
17124	1.33967
17125	1.33961
17126	1.33952
17127	1.33943
17128	1.33939
17129	1.33939
17130	1.33938
17131	1.33527
17132	1.3353
17133	1.33529
17134	1.33529
17135	1.33532
17136	1.33531
17137	1.33535
17138	1.33542
17139	1.33549
17140	1.33554
17141	1.34135
17142	1.34146
17143	1.34156
17144	1.34171
17145	1.34182
17146	1.34188
17147	1.34189
17148	1.34189
17149	1.34183
17150	1.34177
17151	1.34192
17152	1.34189
17153	1.34186
17154	1.34182
17155	1.34177
17156	1.34176
17157	1.3418
17158	1.3419
17159	1.34201
17160	1.34213
17161	1.33808
17162	1.33813
17163	1.33818
17164	1.33817
17165	1.33813
17166	1.33809
17167	1.33806
17168	1.33803
17169	1.33802
17170	1.33798
17171	1.33246
17172	1.33247
17173	1.33243
17174	1.3325
17175	1.33253
17176	1.33263
17177	1.33271
17178	1.33283
17179	1.33297
17180	1.33308
17181	1.33345
17182	1.33352
17183	1.33364
17184	1.33385
17185	1.33401
17186	1.33414
17187	1.33427
17188	1.33439
17189	1.33448
17190	1.33456
17191	1.34023
17192	1.34034
17193	1.34036
17194	1.34034
17195	1.34023
17196	1.34001
17197	1.33978
17198	1.33953
17199	1.33922
17200	1.33891
17201	1.3354
17202	1.33513
17203	1.3349
17204	1.3347
17205	1.33455
17206	1.33442
17207	1.33436
17208	1.33434
17209	1.33437
17210	1.33439
17211	1.33909
17212	1.33923
17213	1.33943
17214	1.33966
17215	1.33992
17216	1.34019
17217	1.34041
17218	1.34057
17219	1.34072
17220	1.3408
17221	1.34119
17222	1.34117
17223	1.341
17224	1.34089
17225	1.3408
17226	1.3407
17227	1.34065
17228	1.34068
17229	1.3407
17230	1.34076
17231	1.3497
17232	1.34981
17233	1.34993
17234	1.35004
17235	1.35005
17236	1.35006
17237	1.35003
17238	1.34994
17239	1.34985
17240	1.34977
17241	1.32957
17242	1.32957
17243	1.32955
17244	1.32954
17245	1.32952
17246	1.32957
17247	1.32971
17248	1.32991
17249	1.33017
17250	1.33045
17251	1.33138
17252	1.33164
17253	1.33185
17254	1.33204
17255	1.3322
17256	1.33227
17257	1.33224
17258	1.33213
17259	1.33203
17260	1.33201
17261	1.31976
17262	1.31973
17263	1.31964
17264	1.31959
17265	1.31953
17266	1.31947
17267	1.31947
17268	1.31947
17269	1.31942
17270	1.3194
17271	1.32845
17272	1.32843
17273	1.32843
17274	1.3285
17275	1.32857
17276	1.32864
17277	1.32861
17278	1.3286
17279	1.32863
17280	1.32861
17281	1.33364
17282	1.33368
17283	1.33365
17284	1.33363
17285	1.33361
17286	1.33358
17287	1.33352
17288	1.33339
17289	1.3333
17290	1.33322
17291	1.33207
17292	1.33202
17293	1.33198
17294	1.33194
17295	1.33197
17296	1.33196
17297	1.33196
17298	1.33204
17299	1.3321
17300	1.33209
17301	1.32456
17302	1.32455
17303	1.32461
17304	1.32477
17305	1.32502
17306	1.32532
17307	1.32561
17308	1.32594
17309	1.32628
17310	1.32655
17311	1.33305
17312	1.33323
17313	1.33337
17314	1.33344
17315	1.33342
17316	1.33331
17317	1.33317
17318	1.33296
17319	1.33273
17320	1.33254
17321	1.31039
17322	1.31018
17323	1.30998
17324	1.30977
17325	1.30957
17326	1.30936
17327	1.30919
17328	1.30901
17329	1.30905
17330	1.30919
17331	1.32625
17332	1.32644
17333	1.32655
17334	1.32663
17335	1.32664
17336	1.32662
17337	1.32657
17338	1.32649
17339	1.32637
17340	1.3263
17341	1.32587
17342	1.32579
17343	1.32565
17344	1.3256
17345	1.32562
17346	1.32562
17347	1.32564
17348	1.32572
17349	1.32588
17350	1.32614
17351	1.3281
17352	1.32832
17353	1.32851
17354	1.32862
17355	1.3287
17356	1.32878
17357	1.32884
17358	1.32885
17359	1.32882
17360	1.32872
17361	1.32154
17362	1.32148
17363	1.3214
17364	1.32131
17365	1.3213
17366	1.32134
17367	1.32138
17368	1.32143
17369	1.3215
17370	1.32159
17371	1.32958
17372	1.32963
17373	1.32964
17374	1.3297
17375	1.3298
17376	1.32985
17377	1.32986
17378	1.32972
17379	1.32959
17380	1.32946
17381	1.32092
17382	1.3208
17383	1.32065
17384	1.32053
17385	1.32039
17386	1.32032
17387	1.32025
17388	1.3202
17389	1.32029
17390	1.32035
17391	1.31924
17392	1.31923
17393	1.31926
17394	1.31922
17395	1.31923
17396	1.3192
17397	1.31914
17398	1.31905
17399	1.31894
17400	1.31888
17401	1.3301
17402	1.33009
17403	1.33008
17404	1.32999
17405	1.32989
17406	1.3298
17407	1.32978
17408	1.32981
17409	1.32989
17410	1.33005
17411	1.33529
17412	1.33549
17413	1.33566
17414	1.33591
17415	1.33613
17416	1.33635
17417	1.33659
17418	1.3368
17419	1.33694
17420	1.33698
17421	1.32241
17422	1.32231
17423	1.32216
17424	1.32198
17425	1.32177
17426	1.32158
17427	1.32143
17428	1.32126
17429	1.32101
17430	1.32077
17431	1.3342
17432	1.33399
17433	1.33388
17434	1.33379
17435	1.33375
17436	1.3337
17437	1.33367
17438	1.33366
17439	1.33372
17440	1.3338
17441	1.32615
17442	1.32628
17443	1.32643
17444	1.32668
17445	1.32697
17446	1.32725
17447	1.32755
17448	1.3278
17449	1.3281
17450	1.32844
17451	1.3252
17452	1.3254
17453	1.32546
17454	1.32545
17455	1.32541
17456	1.32531
17457	1.32515
17458	1.32494
17459	1.3247
17460	1.32448
17461	1.32349
17462	1.3232
17463	1.32287
17464	1.32256
17465	1.32226
17466	1.32206
17467	1.32194
17468	1.32185
17469	1.32181
17470	1.32182
17471	1.33604
17472	1.33598
17473	1.33588
17474	1.33575
17475	1.33562
17476	1.3354
17477	1.3353
17478	1.33524
17479	1.33523
17480	1.3352
17481	1.33205
17482	1.33203
17483	1.33199
17484	1.33193
17485	1.3319
17486	1.33191
17487	1.33197
17488	1.33203
17489	1.33208
17490	1.33209
17491	1.33866
17492	1.33876
17493	1.33883
17494	1.33889
17495	1.33895
17496	1.33892
17497	1.33884
17498	1.33878
17499	1.33876
17500	1.33875
17501	1.33599
17502	1.33587
17503	1.33579
17504	1.33578
17505	1.33578
17506	1.33587
17507	1.33603
17508	1.33625
17509	1.33658
17510	1.33695
17511	1.33876
17512	1.33916
17513	1.33944
17514	1.33971
17515	1.34007
17516	1.34034
17517	1.34059
17518	1.34076
17519	1.34083
17520	1.34076
17521	1.35831
17522	1.3582
17523	1.35808
17524	1.35794
17525	1.35771
17526	1.35747
17527	1.35722
17528	1.35701
17529	1.35674
17530	1.35645
17531	1.33347
17532	1.33328
17533	1.3331
17534	1.33289
17535	1.33273
17536	1.33262
17537	1.33256
17538	1.33258
17539	1.33259
17540	1.33278
17541	1.33704
17542	1.33741
17543	1.33787
17544	1.33828
17545	1.33859
17546	1.33887
17547	1.33913
17548	1.33936
17549	1.33949
17550	1.33952
17551	1.32776
17552	1.32779
17553	1.32776
17554	1.32772
17555	1.32768
17556	1.32763
17557	1.32759
17558	1.32758
17559	1.32751
17560	1.32731
17561	1.33686
17562	1.33662
17563	1.33635
17564	1.33611
17565	1.33595
17566	1.33586
17567	1.33577
17568	1.33573
17569	1.33572
17570	1.33576
17571	1.3327
17572	1.33281
17573	1.33293
17574	1.33295
17575	1.333
17576	1.33299
17577	1.33293
17578	1.33286
17579	1.33283
17580	1.33285
17581	1.33251
17582	1.33252
17583	1.33256
17584	1.33257
17585	1.33258
17586	1.33257
17587	1.33259
17588	1.33265
17589	1.3328
17590	1.33299
17591	1.32065
17592	1.32082
17593	1.32096
17594	1.32107
17595	1.32108
17596	1.32101
17597	1.32086
17598	1.3207
17599	1.32053
17600	1.32035
17601	1.33098
17602	1.33078
17603	1.33061
17604	1.33049
17605	1.33035
17606	1.3303
17607	1.33023
17608	1.33018
17609	1.3302
17610	1.33021
17611	1.33542
17612	1.33542
17613	1.33547
17614	1.33552
17615	1.33564
17616	1.33577
17617	1.33591
17618	1.3361
17619	1.33626
17620	1.33639
17621	1.31798
17622	1.31805
17623	1.31805
17624	1.31799
17625	1.31791
17626	1.31782
17627	1.31768
17628	1.31756
17629	1.31742
17630	1.31726
17631	1.33416
17632	1.33399
17633	1.33381
17634	1.33367
17635	1.33351
17636	1.33333
17637	1.33318
17638	1.33302
17639	1.33286
17640	1.33277
17641	1.32719
17642	1.32716
17643	1.32715
17644	1.32723
17645	1.32734
17646	1.32752
17647	1.32774
17648	1.32807
17649	1.32839
17650	1.32874
17651	1.32584
17652	1.32621
17653	1.32654
17654	1.32676
17655	1.32687
17656	1.32689
17657	1.32693
17658	1.32693
17659	1.32693
17660	1.32684
17661	1.32649
17662	1.32631
17663	1.32613
17664	1.32593
17665	1.3257
17666	1.32547
17667	1.32525
17668	1.32512
17669	1.32507
17670	1.32509
17671	1.32752
17672	1.3276
17673	1.32769
17674	1.32775
17675	1.32787
17676	1.32796
17677	1.32806
17678	1.32815
17679	1.32827
17680	1.32831
17681	1.32343
17682	1.32341
17683	1.32342
17684	1.32346
17685	1.32355
17686	1.32361
17687	1.32369
17688	1.32373
17689	1.32369
17690	1.32365
17691	1.32652
17692	1.32654
17693	1.32656
17694	1.32659
17695	1.32654
17696	1.3265
17697	1.32647
17698	1.32646
17699	1.3265
17700	1.32645
17701	1.32849
17702	1.32845
17703	1.32841
17704	1.32838
17705	1.32834
17706	1.32826
17707	1.32817
17708	1.32814
17709	1.32812
17710	1.32813
17711	1.32308
17712	1.32316
17713	1.32321
17714	1.32326
17715	1.32328
17716	1.32326
17717	1.32327
17718	1.32327
17719	1.32331
17720	1.3233
17721	1.33433
17722	1.33426
17723	1.33419
17724	1.3341
17725	1.33402
17726	1.33397
17727	1.3339
17728	1.33383
17729	1.33379
17730	1.33374
17731	1.32835
17732	1.32829
17733	1.32822
17734	1.32814
17735	1.32808
17736	1.32805
17737	1.328
17738	1.328
17739	1.32803
17740	1.32807
17741	1.32474
17742	1.32476
17743	1.32477
17744	1.32477
17745	1.32483
17746	1.32488
17747	1.32489
17748	1.3249
17749	1.32486
17750	1.32484
17751	1.32199
17752	1.32196
17753	1.32196
17754	1.32194
17755	1.32197
17756	1.32205
17757	1.32217
17758	1.32226
17759	1.32241
17760	1.32254
17761	1.31787
17762	1.31801
17763	1.31821
17764	1.31837
17765	1.31849
17766	1.31865
17767	1.31877
17768	1.31892
17769	1.31906
17770	1.31909
17771	1.31297
17772	1.31292
17773	1.31281
17774	1.3127
17775	1.31254
17776	1.31237
17777	1.31214
17778	1.31189
17779	1.31165
17780	1.31149
17781	1.32904
17782	1.32889
17783	1.32869
17784	1.32854
17785	1.32841
17786	1.32829
17787	1.32816
17788	1.32802
17789	1.3279
17790	1.32786
17791	1.3204
17792	1.32044
17793	1.32055
17794	1.32073
17795	1.32097
17796	1.32126
17797	1.3216
17798	1.32197
17799	1.32224
17800	1.32244
17801	1.32102
17802	1.32116
17803	1.32122
17804	1.32118
17805	1.32113
17806	1.32098
17807	1.32078
17808	1.32051
17809	1.32021
17810	1.31992
17811	1.31792
17812	1.31767
17813	1.31748
17814	1.31735
17815	1.31733
17816	1.31741
17817	1.3176
17818	1.31786
17819	1.3182
17820	1.31847
17821	1.32216
17822	1.32232
17823	1.32242
17824	1.32248
17825	1.32246
17826	1.3224
17827	1.32229
17828	1.3222
17829	1.32205
17830	1.32189
17831	1.33213
17832	1.33195
17833	1.33181
17834	1.33173
17835	1.33177
17836	1.33187
17837	1.33207
17838	1.33233
17839	1.33257
17840	1.33281
17841	1.33817
17842	1.33825
17843	1.33825
17844	1.33815
17845	1.33807
17846	1.338
17847	1.33791
17848	1.3378
17849	1.33775
17850	1.33771
17851	1.32649
17852	1.3265
17853	1.3265
17854	1.32655
17855	1.32655
17856	1.32655
17857	1.32657
17858	1.32654
17859	1.32646
17860	1.3264
17861	1.31824
17862	1.31826
17863	1.3183
17864	1.31839
17865	1.31851
17866	1.31871
17867	1.31893
17868	1.3192
17869	1.31945
17870	1.3197
17871	1.32172
17872	1.32197
17873	1.32211
17874	1.32216
17875	1.32219
17876	1.32219
17877	1.32214
17878	1.32204
17879	1.32198
17880	1.32183
17881	1.32744
17882	1.32728
17883	1.32709
17884	1.32695
17885	1.32676
17886	1.32652
17887	1.32619
17888	1.32592
17889	1.32575
17890	1.32564
17891	1.3214
17892	1.32132
17893	1.32129
17894	1.32129
17895	1.32132
17896	1.32131
17897	1.32132
17898	1.3213
17899	1.32128
17900	1.32124
17901	1.32813
17902	1.32812
17903	1.32807
17904	1.32801
17905	1.32801
17906	1.32802
17907	1.32808
17908	1.32816
17909	1.32833
17910	1.32858
17911	1.31516
17912	1.31534
17913	1.31553
17914	1.31578
17915	1.31599
17916	1.31616
17917	1.31633
17918	1.3164
17919	1.31638
17920	1.31629
17921	1.32053
17922	1.32043
17923	1.32029
17924	1.32015
17925	1.32002
17926	1.31987
17927	1.31973
17928	1.31956
17929	1.31943
17930	1.31928
17931	1.31896
17932	1.31877
17933	1.31864
17934	1.31859
17935	1.31852
17936	1.3185
17937	1.31848
17938	1.31845
17939	1.31846
17940	1.3185
17941	1.33204
17942	1.3321
17943	1.33216
17944	1.33225
17945	1.33242
17946	1.33253
17947	1.33259
17948	1.33262
17949	1.33265
17950	1.33263
17951	1.33121
17952	1.33124
17953	1.33128
17954	1.33128
17955	1.33127
17956	1.33126
17957	1.33126
17958	1.33124
17959	1.33119
17960	1.33107
17961	1.32799
17962	1.32786
17963	1.32779
17964	1.32777
17965	1.32775
17966	1.3277
17967	1.32766
17968	1.32764
17969	1.32772
17970	1.32789
17971	1.33167
17972	1.33184
17973	1.33199
17974	1.33211
17975	1.33218
17976	1.33221
17977	1.33225
17978	1.33234
17979	1.33245
17980	1.33256
17981	1.3217
17982	1.32182
17983	1.32189
17984	1.32194
17985	1.32195
17986	1.32193
17987	1.32182
17988	1.3217
17989	1.32156
17990	1.32131
17991	1.32918
17992	1.32888
17993	1.32862
17994	1.32832
17995	1.328
17996	1.32773
17997	1.32747
17998	1.3273
17999	1.32712
18000	1.32701
18001	1.33253
18002	1.33259
18003	1.33271
18004	1.33285
18005	1.33298
18006	1.33314
18007	1.33332
18008	1.33348
18009	1.3337
18010	1.334
18011	1.33252
18012	1.33263
18013	1.33271
18014	1.33269
18015	1.33262
18016	1.33253
18017	1.33248
18018	1.33237
18019	1.3323
18020	1.33223
18021	1.32179
18022	1.32178
18023	1.32172
18024	1.32173
18025	1.32179
18026	1.32189
18027	1.32203
18028	1.32215
18029	1.32223
18030	1.32232
18031	1.32174
18032	1.32185
18033	1.32193
18034	1.32204
18035	1.32214
18036	1.3222
18037	1.32224
18038	1.32221
18039	1.32215
18040	1.32204
18041	1.33266
18042	1.33256
18043	1.33244
18044	1.33228
18045	1.33209
18046	1.33191
18047	1.3317
18048	1.33154
18049	1.33142
18050	1.3313
18051	1.31623
18052	1.31609
18053	1.31596
18054	1.31586
18055	1.31582
18056	1.31582
18057	1.31584
18058	1.31587
18059	1.31594
18060	1.316
18061	1.31605
18062	1.31615
18063	1.31621
18064	1.31629
18065	1.31636
18066	1.3165
18067	1.31664
18068	1.31686
18069	1.31703
18070	1.31713
18071	1.33164
18072	1.33169
18073	1.33175
18074	1.33182
18075	1.3319
18076	1.33195
18077	1.33199
18078	1.33202
18079	1.33205
18080	1.33209
18081	1.33148
18082	1.33143
18083	1.33137
18084	1.33126
18085	1.33111
18086	1.33086
18087	1.33061
18088	1.33039
18089	1.33019
18090	1.33005
18091	1.32736
18092	1.32727
18093	1.32726
18094	1.3273
18095	1.32734
18096	1.32738
18097	1.32747
18098	1.32758
18099	1.32772
18100	1.32789
18101	1.32214
18102	1.32235
18103	1.3226
18104	1.32279
18105	1.323
18106	1.32323
18107	1.32337
18108	1.32347
18109	1.32356
18110	1.32366
18111	1.33585
18112	1.33584
18113	1.33583
18114	1.33573
18115	1.33558
18116	1.33542
18117	1.33528
18118	1.33515
18119	1.33502
18120	1.3349
18121	1.31898
18122	1.319
18123	1.31898
18124	1.31904
18125	1.31918
18126	1.31933
18127	1.31955
18128	1.31975
18129	1.31986
18130	1.32001
18131	1.32393
18132	1.32403
18133	1.32408
18134	1.32413
18135	1.32411
18136	1.32407
18137	1.32403
18138	1.32394
18139	1.32383
18140	1.32371
18141	1.33001
18142	1.32991
18143	1.32991
18144	1.3299
18145	1.32988
18146	1.32983
18147	1.32982
18148	1.3298
18149	1.32982
18150	1.32986
18151	1.32101
18152	1.32109
18153	1.32116
18154	1.32127
18155	1.32139
18156	1.32149
18157	1.32154
18158	1.32166
18159	1.32183
18160	1.32196
18161	1.32444
18162	1.32454
18163	1.32459
18164	1.32464
18165	1.32469
18166	1.32468
18167	1.32464
18168	1.32452
18169	1.32438
18170	1.32419
18171	1.3286
18172	1.32835
18173	1.32815
18174	1.32794
18175	1.32775
18176	1.32753
18177	1.32739
18178	1.32727
18179	1.32727
18180	1.32732
18181	1.31617
18182	1.31624
18183	1.31626
18184	1.31627
18185	1.31626
18186	1.31627
18187	1.31624
18188	1.31623
18189	1.31622
18190	1.31627
18191	1.329
18192	1.3291
18193	1.32919
18194	1.3292
18195	1.32925
18196	1.32925
18197	1.32925
18198	1.32927
18199	1.32927
18200	1.32927
18201	1.32262
18202	1.32256
18203	1.32246
18204	1.3224
18205	1.32223
18206	1.32206
18207	1.32184
18208	1.32166
18209	1.32156
18210	1.32145
18211	1.31784
18212	1.31771
18213	1.31768
18214	1.31771
18215	1.31782
18216	1.31791
18217	1.3181
18218	1.31829
18219	1.31842
18220	1.31851
18221	1.33162
18222	1.33167
18223	1.33173
18224	1.3318
18225	1.3318
18226	1.33178
18227	1.33178
18228	1.33179
18229	1.3318
18230	1.33183
18231	1.32885
18232	1.32882
18233	1.32877
18234	1.32871
18235	1.32866
18236	1.32855
18237	1.32844
18238	1.32825
18239	1.32807
18240	1.32785
18241	1.32221
18242	1.32202
18243	1.32186
18244	1.32178
18245	1.3218
18246	1.32176
18247	1.32171
18248	1.32167
18249	1.32169
18250	1.32175
18251	1.32551
18252	1.32561
18253	1.32571
18254	1.3258
18255	1.32586
18256	1.32596
18257	1.32604
18258	1.32611
18259	1.32616
18260	1.32623
18261	1.32785
18262	1.32792
18263	1.32798
18264	1.32795
18265	1.32792
18266	1.32787
18267	1.32783
18268	1.3278
18269	1.32774
18270	1.32769
18271	1.32411
18272	1.32414
18273	1.32416
18274	1.32421
18275	1.32431
18276	1.3244
18277	1.32451
18278	1.32464
18279	1.32479
18280	1.3249
18281	1.32895
18282	1.32892
18283	1.32891
18284	1.3289
18285	1.32878
18286	1.32862
18287	1.32842
18288	1.32819
18289	1.32791
18290	1.32766
18291	1.3253
18292	1.32505
18293	1.32476
18294	1.32449
18295	1.3243
18296	1.32414
18297	1.32395
18298	1.32374
18299	1.3236
18300	1.32346
18301	1.32514
18302	1.3251
18303	1.32513
18304	1.32521
18305	1.32533
18306	1.32556
18307	1.32586
18308	1.32622
18309	1.32657
18310	1.32687
18311	1.3192
18312	1.31942
18313	1.31962
18314	1.31973
18315	1.31978
18316	1.31985
18317	1.31991
18318	1.31995
18319	1.31999
18320	1.32002
18321	1.33792
18322	1.33797
18323	1.33802
18324	1.3381
18325	1.3382
18326	1.33832
18327	1.33848
18328	1.33868
18329	1.33885
18330	1.33908
18331	1.32965
18332	1.32985
18333	1.32994
18334	1.32996
18335	1.32995
18336	1.32987
18337	1.32974
18338	1.32957
18339	1.32934
18340	1.32916
18341	1.33808
18342	1.33798
18343	1.33783
18344	1.33766
18345	1.33747
18346	1.33729
18347	1.33722
18348	1.33712
18349	1.337
18350	1.33689
18351	1.32346
18352	1.32338
18353	1.32331
18354	1.3233
18355	1.32333
18356	1.32339
18357	1.32348
18358	1.32363
18359	1.32377
18360	1.3239
18361	1.32203
18362	1.32217
18363	1.32235
18364	1.32248
18365	1.32263
18366	1.32283
18367	1.32307
18368	1.32336
18369	1.32365
18370	1.32387
18371	1.32811
18372	1.32826
18373	1.32829
18374	1.32834
18375	1.32833
18376	1.32826
18377	1.32817
18378	1.328
18379	1.32796
18380	1.3279
18381	1.32419
18382	1.32408
18383	1.3239
18384	1.32372
18385	1.32353
18386	1.32331
18387	1.32306
18388	1.32271
18389	1.32239
18390	1.32215
18391	1.32324
18392	1.32304
18393	1.32279
18394	1.32256
18395	1.32232
18396	1.32213
18397	1.32198
18398	1.32191
18399	1.32183
18400	1.32175
18401	1.31688
18402	1.3169
18403	1.317
18404	1.31718
18405	1.31742
18406	1.31772
18407	1.31796
18408	1.31822
18409	1.31842
18410	1.31852
18411	1.32577
18412	1.3258
18413	1.32582
18414	1.32588
18415	1.32594
18416	1.32603
18417	1.32612
18418	1.32619
18419	1.32618
18420	1.32625
18421	1.3207
18422	1.32073
18423	1.32073
18424	1.32066
18425	1.32059
18426	1.32051
18427	1.32035
18428	1.32015
18429	1.31995
18430	1.31976
18431	1.32186
18432	1.3217
18433	1.3215
18434	1.32137
18435	1.3213
18436	1.32133
18437	1.32136
18438	1.32142
18439	1.3215
18440	1.32158
18441	1.32654
18442	1.32667
18443	1.32679
18444	1.32688
18445	1.3269
18446	1.3269
18447	1.32691
18448	1.32691
18449	1.3269
18450	1.32689
18451	1.33119
18452	1.33118
18453	1.33116
18454	1.3311
18455	1.33103
18456	1.33096
18457	1.3309
18458	1.33077
18459	1.33066
18460	1.3306
18461	1.32677
18462	1.32678
18463	1.32696
18464	1.32715
18465	1.32744
18466	1.32768
18467	1.32789
18468	1.32801
18469	1.32818
18470	1.32833
18471	1.32799
18472	1.32808
18473	1.32817
18474	1.32826
18475	1.32832
18476	1.32829
18477	1.32824
18478	1.32816
18479	1.32806
18480	1.32792
18481	1.33791
18482	1.3377
18483	1.33752
18484	1.33736
18485	1.33721
18486	1.33707
18487	1.33697
18488	1.33689
18489	1.33685
18490	1.33689
18491	1.327
18492	1.32705
18493	1.32716
18494	1.32734
18495	1.32755
18496	1.32779
18497	1.32809
18498	1.32841
18499	1.32871
18500	1.32903
18501	1.32278
18502	1.32312
18503	1.32337
18504	1.32361
18505	1.32381
18506	1.32392
18507	1.32398
18508	1.32396
18509	1.32388
18510	1.32379
18511	1.33441
18512	1.33421
18513	1.334
18514	1.33379
18515	1.33359
18516	1.33335
18517	1.33311
18518	1.33293
18519	1.33277
18520	1.33264
18521	1.32283
18522	1.32282
18523	1.32282
18524	1.32283
18525	1.32289
18526	1.32296
18527	1.32305
18528	1.32314
18529	1.32321
18530	1.32327
18531	1.32284
18532	1.32274
18533	1.32263
18534	1.32254
18535	1.32238
18536	1.32225
18537	1.32212
18538	1.32201
18539	1.32196
18540	1.32191
18541	1.31943
18542	1.31938
18543	1.31929
18544	1.31928
18545	1.31933
18546	1.31936
18547	1.31937
18548	1.31933
18549	1.31928
18550	1.3193
18551	1.30779
18552	1.30786
18553	1.30799
18554	1.30818
18555	1.30847
18556	1.30876
18557	1.30904
18558	1.30929
18559	1.30949
18560	1.30962
18561	1.33007
18562	1.33008
18563	1.33011
18564	1.33009
18565	1.33006
18566	1.32995
18567	1.32991
18568	1.32985
18569	1.32973
18570	1.32964
18571	1.31597
18572	1.31591
18573	1.31586
18574	1.31581
18575	1.31581
18576	1.31578
18577	1.31578
18578	1.31575
18579	1.31577
18580	1.31579
18581	1.31049
18582	1.31049
18583	1.31047
18584	1.31037
18585	1.31028
18586	1.31016
18587	1.31005
18588	1.30998
18589	1.3099
18590	1.30987
18591	1.30477
18592	1.30484
18593	1.30492
18594	1.30498
18595	1.30512
18596	1.30535
18597	1.30558
18598	1.30585
18599	1.30608
18600	1.30629
18601	1.30884
18602	1.30896
18603	1.30906
18604	1.30909
18605	1.30905
18606	1.30895
18607	1.30887
18608	1.30877
18609	1.30858
18610	1.30839
18611	1.3203
18612	1.32008
18613	1.31989
18614	1.31976
18615	1.31962
18616	1.31956
18617	1.31959
18618	1.31969
18619	1.31975
18620	1.31981
18621	1.32177
18622	1.32181
18623	1.32188
18624	1.32193
18625	1.32196
18626	1.32199
18627	1.32197
18628	1.32192
18629	1.32183
18630	1.32171
18631	1.31879
18632	1.31863
18633	1.31847
18634	1.31831
18635	1.31816
18636	1.31805
18637	1.31801
18638	1.31805
18639	1.31809
18640	1.31816
18641	1.3221
18642	1.32212
18643	1.3222
18644	1.32226
18645	1.32234
18646	1.32242
18647	1.3225
18648	1.32256
18649	1.32253
18650	1.32248
18651	1.32289
18652	1.32282
18653	1.32269
18654	1.32254
18655	1.32241
18656	1.32225
18657	1.3221
18658	1.32204
18659	1.32195
18660	1.32192
18661	1.32425
18662	1.32434
18663	1.32444
18664	1.3246
18665	1.32475
18666	1.32496
18667	1.32522
18668	1.32548
18669	1.32569
18670	1.32593
18671	1.32395
18672	1.32411
18673	1.32423
18674	1.32433
18675	1.32436
18676	1.32432
18677	1.32423
18678	1.32416
18679	1.32403
18680	1.32384
18681	1.32346
18682	1.32331
18683	1.32309
18684	1.32285
18685	1.32258
18686	1.32231
18687	1.32207
18688	1.32186
18689	1.32166
18690	1.32146
18691	1.33056
18692	1.33041
18693	1.33025
18694	1.33017
18695	1.33014
18696	1.33018
18697	1.33027
18698	1.33042
18699	1.33061
18700	1.3308
18701	1.31618
18702	1.31637
18703	1.31667
18704	1.3171
18705	1.31753
18706	1.31805
18707	1.31849
18708	1.31888
18709	1.3192
18710	1.31942
18711	1.32071
18712	1.32072
18713	1.32063
18714	1.32047
18715	1.32033
18716	1.32025
18717	1.32011
18718	1.31996
18719	1.31984
18720	1.31966
18721	1.3262
18722	1.32599
18723	1.32576
18724	1.32555
18725	1.32534
18726	1.32516
18727	1.32505
18728	1.3249
18729	1.32479
18730	1.32465
18731	1.32662
18732	1.32663
18733	1.32666
18734	1.32667
18735	1.32666
18736	1.32664
18737	1.32665
18738	1.32663
18739	1.32667
18740	1.32677
18741	1.32997
18742	1.3301
18743	1.33022
18744	1.33036
18745	1.33053
18746	1.3307
18747	1.33088
18748	1.33107
18749	1.33119
18750	1.33124
18751	1.32485
18752	1.32476
18753	1.32459
18754	1.32444
18755	1.32427
18756	1.32413
18757	1.32402
18758	1.32392
18759	1.32385
18760	1.32374
18761	1.32988
18762	1.32993
18763	1.32994
18764	1.33003
18765	1.3301
18766	1.33012
18767	1.33016
18768	1.33028
18769	1.33035
18770	1.33047
18771	1.32511
18772	1.32518
18773	1.32525
18774	1.3253
18775	1.32533
18776	1.32534
18777	1.32531
18778	1.32533
18779	1.32531
18780	1.32526
18781	1.33034
18782	1.3303
18783	1.33024
18784	1.33017
18785	1.33015
18786	1.33007
18787	1.32999
18788	1.32991
18789	1.3299
18790	1.32994
18791	1.31925
18792	1.31927
18793	1.31937
18794	1.31954
18795	1.31967
18796	1.31972
18797	1.31981
18798	1.31984
18799	1.31994
18800	1.31998
18801	1.319
18802	1.31898
18803	1.31896
18804	1.31897
18805	1.31904
18806	1.31908
18807	1.31917
18808	1.31919
18809	1.31919
18810	1.31914
18811	1.32254
18812	1.32249
18813	1.32251
18814	1.32253
18815	1.32261
18816	1.32267
18817	1.32269
18818	1.32273
18819	1.3228
18820	1.32285
18821	1.31939
18822	1.3194
18823	1.3194
18824	1.31942
18825	1.31941
18826	1.31933
18827	1.31922
18828	1.31916
18829	1.31911
18830	1.31907
18831	1.31485
18832	1.31484
18833	1.31476
18834	1.31469
18835	1.31465
18836	1.31457
18837	1.31449
18838	1.31444
18839	1.31443
18840	1.31435
18841	1.31852
18842	1.31839
18843	1.31829
18844	1.31823
18845	1.31822
18846	1.31825
18847	1.31828
18848	1.31835
18849	1.31837
18850	1.31844
18851	1.31647
18852	1.31655
18853	1.31664
18854	1.3167
18855	1.31673
18856	1.31678
18857	1.31683
18858	1.3168
18859	1.31674
18860	1.3167
18861	1.31453
18862	1.31436
18863	1.31414
18864	1.31397
18865	1.31388
18866	1.31379
18867	1.31374
18868	1.31371
18869	1.31364
18870	1.31362
18871	1.32156
18872	1.32164
18873	1.32173
18874	1.32183
18875	1.32196
18876	1.32212
18877	1.32222
18878	1.32226
18879	1.32229
18880	1.32228
18881	1.31989
18882	1.31981
18883	1.31971
18884	1.31954
18885	1.31934
18886	1.31919
18887	1.31916
18888	1.31916
18889	1.3192
18890	1.31928
18891	1.31335
18892	1.31347
18893	1.31359
18894	1.31375
18895	1.31387
18896	1.31403
18897	1.31411
18898	1.31413
18899	1.31406
18900	1.31396
18901	1.32093
18902	1.32072
18903	1.32053
18904	1.32035
18905	1.32013
18906	1.31993
18907	1.3197
18908	1.31947
18909	1.31939
18910	1.31929
18911	1.32497
18912	1.32495
18913	1.32489
18914	1.32489
18915	1.3249
18916	1.32498
18917	1.32511
18918	1.32523
18919	1.32536
18920	1.32554
18921	1.32676
18922	1.32693
18923	1.32698
18924	1.32697
18925	1.32687
18926	1.32676
18927	1.32663
18928	1.32653
18929	1.32644
18930	1.32634
18931	1.32385
18932	1.3238
18933	1.32377
18934	1.32372
18935	1.32369
18936	1.32368
18937	1.32369
18938	1.32369
18939	1.32368
18940	1.32376
18941	1.32057
18942	1.3207
18943	1.32083
18944	1.32101
18945	1.32117
18946	1.32138
18947	1.32154
18948	1.3217
18949	1.32186
18950	1.32205
18951	1.32977
18952	1.3297
18953	1.32953
18954	1.32933
18955	1.32911
18956	1.32885
18957	1.32856
18958	1.32823
18959	1.32792
18960	1.3276
18961	1.33457
18962	1.33437
18963	1.33427
18964	1.33421
18965	1.3342
18966	1.33422
18967	1.33429
18968	1.33439
18969	1.3345
18970	1.33463
18971	1.31383
18972	1.31404
18973	1.31428
18974	1.31455
18975	1.31483
18976	1.31504
18977	1.31516
18978	1.3152
18979	1.31517
18980	1.31515
18981	1.32975
18982	1.32963
18983	1.32946
18984	1.32927
18985	1.32912
18986	1.32896
18987	1.32883
18988	1.32867
18989	1.32852
18990	1.32843
18991	1.31813
18992	1.31813
18993	1.31827
18994	1.31842
18995	1.31858
18996	1.31878
18997	1.31897
18998	1.31915
18999	1.31929
19000	1.31941
19001	1.32882
19002	1.32895
19003	1.32901
19004	1.3291
19005	1.32919
19006	1.32925
19007	1.32929
19008	1.32932
19009	1.32941
19010	1.32946
19011	1.33047
19012	1.33045
19013	1.33031
19014	1.33012
19015	1.32993
19016	1.32973
19017	1.32959
19018	1.32942
19019	1.32924
19020	1.32917
19021	1.32016
19022	1.32012
19023	1.3202
19024	1.32031
19025	1.32038
19026	1.32036
19027	1.32037
19028	1.3204
19029	1.32045
19030	1.32048
19031	1.33162
19032	1.33162
19033	1.33162
19034	1.33167
19035	1.33174
19036	1.33174
19037	1.33176
19038	1.3318
19039	1.33186
19040	1.33194
19041	1.32792
19042	1.32799
19043	1.32804
19044	1.32805
19045	1.32807
19046	1.3281
19047	1.32822
19048	1.32835
19049	1.3284
19050	1.32846
19051	1.32044
19052	1.32045
19053	1.32052
19054	1.32054
19055	1.32051
19056	1.32044
19057	1.32035
19058	1.32027
19059	1.32015
19060	1.32003
19061	1.33946
19062	1.33935
19063	1.3392
19064	1.33907
19065	1.33896
19066	1.33881
19067	1.33865
19068	1.33854
19069	1.33843
19070	1.3383
19071	1.32293
19072	1.32286
19073	1.32276
19074	1.32269
19075	1.32257
19076	1.32249
19077	1.32241
19078	1.32237
19079	1.32233
19080	1.32237
19081	1.31926
19082	1.31944
19083	1.31965
19084	1.31985
19085	1.32001
19086	1.32019
19087	1.3203
19088	1.32042
19089	1.32057
19090	1.32073
19091	1.31897
19092	1.31904
19093	1.31904
19094	1.31901
19095	1.31901
19096	1.319
19097	1.31892
19098	1.31887
19099	1.31881
19100	1.31877
19101	1.31848
19102	1.31845
19103	1.31842
19104	1.31846
19105	1.3185
19106	1.31847
19107	1.31845
19108	1.31845
19109	1.31844
19110	1.31841
19111	1.32318
19112	1.32316
19113	1.32307
19114	1.32297
19115	1.32288
19116	1.32282
19117	1.3228
19118	1.3228
19119	1.32282
19120	1.32283
19121	1.32784
19122	1.3278
19123	1.32778
19124	1.32775
19125	1.32766
19126	1.32759
19127	1.32762
19128	1.32759
19129	1.32755
19130	1.32752
19131	1.33069
19132	1.33066
19133	1.3307
19134	1.33083
19135	1.33098
19136	1.33112
19137	1.33125
19138	1.33137
19139	1.33156
19140	1.33172
19141	1.31854
19142	1.31872
19143	1.3189
19144	1.31903
19145	1.31913
19146	1.31919
19147	1.3192
19148	1.31917
19149	1.31909
19150	1.31905
19151	1.31618
19152	1.31609
19153	1.316
19154	1.31587
19155	1.31571
19156	1.31552
19157	1.31538
19158	1.3152
19159	1.31503
19160	1.31492
19161	1.32709
19162	1.32698
19163	1.32687
19164	1.32683
19165	1.32683
19166	1.32685
19167	1.3269
19168	1.32699
19169	1.32709
19170	1.32713
19171	1.32768
19172	1.32768
19173	1.32767
19174	1.32769
19175	1.32774
19176	1.3279
19177	1.32809
19178	1.32832
19179	1.32857
19180	1.3288
19181	1.33245
19182	1.33259
19183	1.33269
19184	1.3327
19185	1.33267
19186	1.33264
19187	1.33258
19188	1.33255
19189	1.33246
19190	1.33234
19191	1.33732
19192	1.3372
19193	1.33704
19194	1.33688
19195	1.33678
19196	1.33662
19197	1.33648
19198	1.3363
19199	1.33619
19200	1.33605
19201	1.32335
19202	1.32326
19203	1.32322
19204	1.32315
19205	1.32315
19206	1.32312
19207	1.32312
19208	1.32322
19209	1.32338
19210	1.32353
19211	1.31922
19212	1.31944
19213	1.31959
19214	1.31973
19215	1.31991
19216	1.32016
19217	1.32049
19218	1.32084
19219	1.32109
19220	1.3212
19221	1.34025
19222	1.34028
19223	1.34023
19224	1.3402
19225	1.34017
19226	1.34012
19227	1.34003
19228	1.33994
19229	1.33986
19230	1.33973
19231	1.32167
19232	1.32153
19233	1.32141
19234	1.32132
19235	1.3213
19236	1.32129
19237	1.32126
19238	1.32132
19239	1.32145
19240	1.32159
19241	1.31911
19242	1.31924
19243	1.31937
19244	1.31952
19245	1.31965
19246	1.31974
19247	1.31982
19248	1.31991
19249	1.31998
19250	1.32003
19251	1.32949
19252	1.32935
19253	1.32915
19254	1.32888
19255	1.32856
19256	1.32822
19257	1.32792
19258	1.32762
19259	1.32739
19260	1.32722
19261	1.31401
19262	1.31393
19263	1.31389
19264	1.31397
19265	1.31405
19266	1.31416
19267	1.3144
19268	1.31466
19269	1.31498
19270	1.31522
19271	1.32894
19272	1.32912
19273	1.3293
19274	1.32949
19275	1.32972
19276	1.33001
19277	1.3303
19278	1.3306
19279	1.33081
19280	1.33094
19281	1.30607
19282	1.30612
19283	1.30613
19284	1.30603
19285	1.30585
19286	1.30565
19287	1.30538
19288	1.30513
19289	1.30484
19290	1.30455
19291	1.30892
19292	1.30867
19293	1.30851
19294	1.3083
19295	1.30813
19296	1.30795
19297	1.30783
19298	1.30777
19299	1.30773
19300	1.30779
19301	1.30523
19302	1.30535
19303	1.30546
19304	1.30562
19305	1.30579
19306	1.30595
19307	1.30601
19308	1.30603
19309	1.30601
19310	1.30599
19311	1.30888
19312	1.30894
19313	1.30904
19314	1.30911
19315	1.30925
19316	1.30942
19317	1.30961
19318	1.30981
19319	1.31006
19320	1.31029
19321	1.30417
19322	1.30444
19323	1.30471
19324	1.30496
19325	1.30516
19326	1.3053
19327	1.30542
19328	1.30552
19329	1.30559
19330	1.30559
19331	1.31755
19332	1.31746
19333	1.31734
19334	1.31719
19335	1.317
19336	1.31685
19337	1.31666
19338	1.31652
19339	1.3164
19340	1.31619
19341	1.30358
19342	1.30338
19343	1.30321
19344	1.30314
19345	1.30313
19346	1.30319
19347	1.30331
19348	1.30347
19349	1.30363
19350	1.3038
19351	1.31236
19352	1.31251
19353	1.31264
19354	1.31269
19355	1.31278
19356	1.3129
19357	1.31302
19358	1.31313
19359	1.31324
19360	1.31338
19361	1.30877
19362	1.30887
19363	1.3089
19364	1.30892
19365	1.30887
19366	1.30873
19367	1.30857
19368	1.30844
19369	1.30832
19370	1.30822
19371	1.30026
19372	1.30012
19373	1.29998
19374	1.29988
19375	1.29984
19376	1.29983
19377	1.29986
19378	1.29985
19379	1.29982
19380	1.29982
19381	1.31039
19382	1.3104
19383	1.31039
19384	1.31043
19385	1.31037
19386	1.31032
19387	1.31029
19388	1.31017
19389	1.31001
19390	1.30981
19391	1.30695
19392	1.30674
19393	1.30656
19394	1.30642
19395	1.3063
19396	1.30624
19397	1.30622
19398	1.30623
19399	1.30625
19400	1.30621
19401	1.31186
19402	1.31183
19403	1.3119
19404	1.31201
19405	1.31207
19406	1.31209
19407	1.31209
19408	1.31205
19409	1.31198
19410	1.31189
19411	1.31684
19412	1.31693
19413	1.31707
19414	1.31725
19415	1.31745
19416	1.3177
19417	1.31802
19418	1.31825
19419	1.31842
19420	1.31862
19421	1.30486
19422	1.30498
19423	1.30501
19424	1.30494
19425	1.30482
19426	1.30465
19427	1.30445
19428	1.30424
19429	1.30405
19430	1.30384
19431	1.30012
19432	1.30003
19433	1.29982
19434	1.29962
19435	1.29932
19436	1.29909
19437	1.29883
19438	1.29862
19439	1.29844
19440	1.29833
19441	1.30332
19442	1.30344
19443	1.30371
19444	1.30407
19445	1.30458
19446	1.30515
19447	1.30569
19448	1.3062
19449	1.30668
19450	1.30716
19451	1.30978
19452	1.31007
19453	1.31026
19454	1.31037
19455	1.31042
19456	1.3104
19457	1.31027
19458	1.31015
19459	1.31
19460	1.30979
19461	1.30953
19462	1.30922
19463	1.30889
19464	1.30855
19465	1.3082
19466	1.30788
19467	1.30759
19468	1.30733
19469	1.30713
19470	1.30698
19471	1.30719
19472	1.30714
19473	1.30715
19474	1.3072
19475	1.30727
19476	1.30737
19477	1.30747
19478	1.30756
19479	1.30763
19480	1.30769
19481	1.31621
19482	1.31625
19483	1.31623
19484	1.31623
19485	1.31621
19486	1.31624
19487	1.31627
19488	1.3163
19489	1.31635
19490	1.3164
19491	1.31351
19492	1.31355
19493	1.31361
19494	1.31367
19495	1.31373
19496	1.31384
19497	1.31395
19498	1.31404
19499	1.31417
19500	1.31423
19501	1.30606
19502	1.30604
19503	1.30601
19504	1.30593
19505	1.30581
19506	1.30564
19507	1.30545
19508	1.30529
19509	1.30517
19510	1.30508
19511	1.31677
19512	1.31667
19513	1.3167
19514	1.31674
19515	1.31681
19516	1.3169
19517	1.31695
19518	1.31706
19519	1.31718
19520	1.31731
19521	1.31049
19522	1.31054
19523	1.31057
19524	1.31065
19525	1.31072
19526	1.3107
19527	1.31066
19528	1.3106
19529	1.31052
19530	1.31045
19531	1.31705
19532	1.3169
19533	1.31669
19534	1.31646
19535	1.31625
19536	1.31605
19537	1.31582
19538	1.3156
19539	1.31548
19540	1.31541
19541	1.3175
19542	1.31746
19543	1.31741
19544	1.31741
19545	1.31742
19546	1.31742
19547	1.31748
19548	1.31756
19549	1.31769
19550	1.31776
19551	1.32121
19552	1.32127
19553	1.32129
19554	1.32129
19555	1.32133
19556	1.32143
19557	1.32159
19558	1.3218
19559	1.32204
19560	1.32221
19561	1.31724
19562	1.31728
19563	1.31728
19564	1.31721
19565	1.3171
19566	1.31697
19567	1.31687
19568	1.31674
19569	1.31658
19570	1.31639
19571	1.30887
19572	1.30883
19573	1.3088
19574	1.30875
19575	1.30868
19576	1.30857
19577	1.30849
19578	1.30841
19579	1.30832
19580	1.30819
19581	1.32171
19582	1.32166
19583	1.32161
19584	1.32155
19585	1.32148
19586	1.32143
19587	1.32134
19588	1.32126
19589	1.32117
19590	1.3211
19591	1.30835
19592	1.30824
19593	1.30821
19594	1.30819
19595	1.30818
19596	1.30824
19597	1.30837
19598	1.30854
19599	1.30874
19600	1.30901
19601	1.31475
19602	1.31503
19603	1.31527
19604	1.31546
19605	1.31559
19606	1.31565
19607	1.31565
19608	1.31564
19609	1.3156
19610	1.31553
19611	1.31644
19612	1.31625
19613	1.31606
19614	1.31587
19615	1.31563
19616	1.3154
19617	1.31522
19618	1.31503
19619	1.31484
19620	1.31461
19621	1.31052
19622	1.31038
19623	1.31027
19624	1.31034
19625	1.3105
19626	1.31066
19627	1.31081
19628	1.31097
19629	1.31114
19630	1.31121
19631	1.30197
19632	1.30213
19633	1.30232
19634	1.30247
19635	1.30255
19636	1.30263
19637	1.30267
19638	1.30268
19639	1.30272
19640	1.30272
19641	1.30885
19642	1.30876
19643	1.30866
19644	1.30855
19645	1.3084
19646	1.30832
19647	1.3082
19648	1.30808
19649	1.308
19650	1.30793
19651	1.30816
19652	1.30817
19653	1.30824
19654	1.30826
19655	1.30829
19656	1.30831
19657	1.30836
19658	1.30841
19659	1.30845
19660	1.30851
19661	1.31509
19662	1.31504
19663	1.31498
19664	1.31493
19665	1.31495
19666	1.315
19667	1.31505
19668	1.31504
19669	1.3149
19670	1.31483
19671	1.30627
19672	1.30633
19673	1.30638
19674	1.30637
19675	1.30637
19676	1.30635
19677	1.30638
19678	1.30641
19679	1.30649
19680	1.30667
19681	1.31571
19682	1.31586
19683	1.31595
19684	1.31601
19685	1.31604
19686	1.31602
19687	1.31606
19688	1.31616
19689	1.3163
19690	1.31641
19691	1.31142
19692	1.31154
19693	1.31169
19694	1.31184
19695	1.31204
19696	1.31221
19697	1.31232
19698	1.31242
19699	1.31252
19700	1.3126
19701	1.30744
19702	1.30741
19703	1.30727
19704	1.30719
19705	1.30707
19706	1.30697
19707	1.3069
19708	1.30681
19709	1.30671
19710	1.30663
19711	1.3108
19712	1.31074
19713	1.31065
19714	1.31062
19715	1.31059
19716	1.31055
19717	1.31056
19718	1.3105
19719	1.31038
19720	1.31028
19721	1.30833
19722	1.30826
19723	1.30816
19724	1.30808
19725	1.30798
19726	1.30781
19727	1.30769
19728	1.30758
19729	1.3074
19730	1.30722
19731	1.30749
19732	1.30731
19733	1.30719
19734	1.30708
19735	1.30704
19736	1.30703
19737	1.30706
19738	1.30714
19739	1.30721
19740	1.30726
19741	1.30178
19742	1.30191
19743	1.30208
19744	1.30226
19745	1.30238
19746	1.30251
19747	1.30262
19748	1.30269
19749	1.30272
19750	1.30273
19751	1.31192
19752	1.31198
19753	1.31199
19754	1.31203
19755	1.3121
19756	1.31219
19757	1.31223
19758	1.31231
19759	1.31229
19760	1.31221
19761	1.30322
19762	1.30313
19763	1.30307
19764	1.30305
19765	1.30306
19766	1.30307
19767	1.30311
19768	1.3032
19769	1.30326
19770	1.3033
19771	1.30585
19772	1.30581
19773	1.30573
19774	1.30565
19775	1.30556
19776	1.30548
19777	1.30532
19778	1.3051
19779	1.30486
19780	1.30463
19781	1.31299
19782	1.31273
19783	1.31251
19784	1.31241
19785	1.31239
19786	1.31241
19787	1.3125
19788	1.31261
19789	1.31273
19790	1.31292
19791	1.3
19792	1.30025
19793	1.30047
19794	1.30067
19795	1.30085
19796	1.301
19797	1.30116
19798	1.30134
19799	1.30148
19800	1.30158
19801	1.3154
19802	1.31548
19803	1.31553
19804	1.31555
19805	1.31555
19806	1.31554
19807	1.31553
19808	1.31553
19809	1.31556
19810	1.31562
19811	1.31063
19812	1.31065
19813	1.31064
19814	1.31058
19815	1.31051
19816	1.31054
19817	1.3105
19818	1.3105
19819	1.31049
19820	1.31043
19821	1.31552
19822	1.31543
19823	1.31543
19824	1.3154
19825	1.31535
19826	1.31525
19827	1.3152
19828	1.31517
19829	1.31516
19830	1.31523
19831	1.31171
19832	1.31192
19833	1.3122
19834	1.31258
19835	1.31294
19836	1.31327
19837	1.31356
19838	1.31384
19839	1.31405
19840	1.31416
19841	1.31158
19842	1.31149
19843	1.3113
19844	1.31104
19845	1.3108
19846	1.31052
19847	1.3102
19848	1.30991
19849	1.30959
19850	1.30928
19851	1.30191
19852	1.30166
19853	1.3015
19854	1.30137
19855	1.30126
19856	1.30118
19857	1.30112
19858	1.3011
19859	1.30118
19860	1.30129
19861	1.30248
19862	1.30267
19863	1.3029
19864	1.30312
19865	1.30338
19866	1.30362
19867	1.30377
19868	1.30388
19869	1.30394
19870	1.30397
19871	1.29975
19872	1.29977
19873	1.29976
19874	1.29976
19875	1.29975
19876	1.2997
19877	1.29964
19878	1.29958
19879	1.29956
19880	1.29955
19881	1.31117
19882	1.31104
19883	1.31091
19884	1.31079
19885	1.31064
19886	1.31046
19887	1.31033
19888	1.31023
19889	1.31014
19890	1.31004
19891	1.31659
19892	1.31655
19893	1.31656
19894	1.31659
19895	1.31672
19896	1.31686
19897	1.31702
19898	1.31711
19899	1.31719
19900	1.3173
19901	1.31346
19902	1.31352
19903	1.31351
19904	1.31353
19905	1.31357
19906	1.31358
19907	1.31357
19908	1.31355
19909	1.31347
19910	1.31335
19911	1.31432
19912	1.31423
19913	1.31415
19914	1.31416
19915	1.31423
19916	1.31433
19917	1.31446
19918	1.31463
19919	1.31479
19920	1.31496
19921	1.32174
19922	1.32184
19923	1.32191
19924	1.32194
19925	1.32192
19926	1.32187
19927	1.3218
19928	1.32166
19929	1.32149
19930	1.32133
19931	1.31589
19932	1.31578
19933	1.31568
19934	1.3156
19935	1.31555
19936	1.31553
19937	1.31553
19938	1.31557
19939	1.3156
19940	1.31559
19941	1.30135
19942	1.30137
19943	1.30137
19944	1.30142
19945	1.30148
19946	1.30148
19947	1.30149
19948	1.30149
19949	1.30146
19950	1.30135
19951	1.31073
19952	1.31061
19953	1.31051
19954	1.31041
19955	1.31027
19956	1.31009
19957	1.30997
19958	1.30984
19959	1.30975
19960	1.30963
19961	1.32108
19962	1.32099
19963	1.32096
19964	1.32095
19965	1.32091
19966	1.3209
19967	1.3209
19968	1.32091
19969	1.32095
19970	1.3211
19971	1.3161
19972	1.31628
19973	1.31643
19974	1.31658
19975	1.31674
19976	1.31687
19977	1.31703
19978	1.31715
19979	1.31722
19980	1.31724
19981	1.32352
19982	1.32353
19983	1.32351
19984	1.32348
19985	1.32342
19986	1.32336
19987	1.32327
19988	1.32316
19989	1.32302
19990	1.32289
19991	1.31477
19992	1.3146
19993	1.31449
19994	1.31435
19995	1.31422
19996	1.3141
19997	1.31406
19998	1.31401
19999	1.31396
20000	1.3139